assay,feature,rho,p_value,n
AC-SINS_pH6.0,cdrL1_charge,0.1857163373593467,0.0037390739799757064,242
AC-SINS_pH6.0,VH_charge,0.16563122959139892,0.009847778644234858,242
AC-SINS_pH6.0,cdrH3_charge,0.16011716716536764,0.012629329635758194,242
AC-SINS_pH6.0,cdrH2_deamid,-0.14692943667192848,0.02223827423655757,242
AC-SINS_pH6.0,cdrL1_isom,-0.14286619972729472,0.026257520579021067,242
AC-SINS_pH6.0,VH_glycan_total,-0.14050122277734078,0.02887269353236874,242
AC-SINS_pH6.0,cdrH2_oxidn,-0.1335728147767121,0.03785137608528303,242
AC-SINS_pH6.0,cdrL3_hyd_frac,0.1265426680137643,0.04926848464820756,242
AC-SINS_pH6.0,cdrH1_isom,0.12323030518345907,0.055570222519607554,242
AC-SINS_pH6.0,cdrL3_oxidn,0.1161600734860088,0.07126556693823502,242
AC-SINS_pH6.0,cdrH1_gravy,0.11148591907461838,0.08349928051962885,242
AC-SINS_pH6.0,cdrL3_charge,0.1109451483760355,0.08501767742112767,242
AC-SINS_pH6.0,cdrL3_len,0.10917696854612678,0.09013788863300197,242
AC-SINS_pH6.0,cdrL2_hyd_frac,-0.10500886353707782,0.10318498760196178,242
AC-SINS_pH6.0,VH_unpaired_cys,0.10368970877182679,0.10761160269481765,242
AC-SINS_pH6.0,VL_gravy,0.09856213525929017,0.12625113326710907,242
AC-SINS_pH6.0,cdrL2_oxidn,0.09484265293239658,0.14126830166839927,242
AC-SINS_pH6.0,cdrH2_gravy,0.0902422193177767,0.1616847229687788,242
AC-SINS_pH6.0,cdrH1_charge,0.08913620639962212,0.16690804626189903,242
AC-SINS_pH6.0,cdrL2_deamid,0.08697373580660975,0.17748305837752623,242
AC-SINS_pH6.0,cdrH3_hyd_frac,0.08425880620528824,0.1914515903544121,242
AC-SINS_pH6.0,cdrH3_isom,-0.07441226358555317,0.2488327625736443,242
AC-SINS_pH6.0,cdrL2_gravy,-0.07291821956659986,0.25848760241873336,242
AC-SINS_pH6.0,cdrH2_len,0.06826622354317587,0.29018806890922527,242
AC-SINS_pH6.0,cdrL1_len,-0.06545362276526687,0.31056591887304674,242
AC-SINS_pH6.0,cdrH2_charge,0.06498785637935486,0.3140289354721848,242
AC-SINS_pH6.0,cdrH3_aromatic_frac,0.06171281154439607,0.3390889455293673,242
AC-SINS_pH6.0,VL_charge,0.059589016898735456,0.35600279022820336,242
AC-SINS_pH6.0,cdrH2_isom,0.055404111931586675,0.39084690151586865,242
AC-SINS_pH6.0,cdrL1_hyd_frac,-0.05230936034009658,0.417891774682444,242
AC-SINS_pH6.0,cdrH1_len,-0.05152766378863821,0.4248923630297763,242
AC-SINS_pH6.0,cdrL1_gravy,0.05042900693429367,0.43484573695991324,242
AC-SINS_pH6.0,cdrL3_isom,0.04855114410628434,0.45216441679876285,242
AC-SINS_pH6.0,cdrH1_oxidn,-0.0453627886882982,0.4824376458513324,242
AC-SINS_pH6.0,cdrL3_deamid,-0.04517943733178081,0.4842112215149601,242
AC-SINS_pH6.0,VL_isom_total,-0.04487996195218935,0.4871156155083126,242
AC-SINS_pH6.0,cdrH3_oxidn,0.04110183477375784,0.5245464071800947,242
AC-SINS_pH6.0,cdrL3_gravy,0.0406252913516557,0.5293694870095761,242
AC-SINS_pH6.0,cdrH1_deamid,0.03501882010979251,0.5877422288927242,242
AC-SINS_pH6.0,VH_hyd_frac,0.03183133932400535,0.6221959733975715,242
AC-SINS_pH6.0,VL_unpaired_cys,0.03167405619894853,0.623918406966251,242
AC-SINS_pH6.0,VH_oxidn_total,-0.031624403981331706,0.6244625817907898,242
AC-SINS_pH6.0,cdrL2_charge,0.03147049674973771,0.6261506558812097,242
AC-SINS_pH6.0,total_deamid,-0.03131475331871989,0.6278608536284302,242
AC-SINS_pH6.0,cdrH2_hyd_frac,0.029601158780934767,0.6468071963835774,242
AC-SINS_pH6.0,VH_deamid_total,-0.027862103963884756,0.6662704484781774,242
AC-SINS_pH6.0,VL_oxidn_total,0.024764310066380763,0.7014925815669706,242
AC-SINS_pH6.0,VL_deamid_total,-0.021194011271205564,0.7428880517787623,242
AC-SINS_pH6.0,VH_gravy,0.019406232588597503,0.7639061167777049,242
AC-SINS_pH6.0,cdrL1_deamid,-0.019069339709511537,0.767886770283787,242
AC-SINS_pH6.0,VH_isom_total,0.017940220236149104,0.7812720710246145,242
AC-SINS_pH6.0,cdrL1_oxidn,-0.017680451497007053,0.7843608274843972,242
AC-SINS_pH6.0,cdrL2_isom,-0.016382039278642246,0.7998492137958659,242
AC-SINS_pH6.0,cdrH3_len,-0.01517768716918327,0.8142859990653453,242
AC-SINS_pH6.0,VL_hyd_frac,0.012825796463814767,0.8426556966907907,242
AC-SINS_pH6.0,cdrH1_hyd_frac,-0.009803134737554552,0.8794116926240627,242
AC-SINS_pH6.0,VL_glycan_total,0.008512791557214967,0.8951862402153539,242
AC-SINS_pH6.0,cdrH3_deamid,-0.006007826824298341,0.9259219985673244,242
AC-SINS_pH6.0,total_oxidn,0.005299227352208798,0.934638457670451,242
AC-SINS_pH6.0,cdrH3_gravy,-0.0020052957116935013,0.975242747303289,242
AC-SINS_pH6.0,cdrL2_len,,,242
AC-SINS_pH6.0,cdrH3_glycan_sequon,,,242
AC-SINS_pH7.4,VH_charge,0.3576277902671442,1.034105574322938e-08,242
AC-SINS_pH7.4,cdrH3_charge,0.26982055968757407,2.0916915540759922e-05,242
AC-SINS_pH7.4,cdrL1_charge,0.23947337368088534,0.00016929462402847257,242
AC-SINS_pH7.4,cdrL1_isom,-0.19681810797454466,0.002097539488987354,242
AC-SINS_pH7.4,cdrH2_charge,0.18552812100277294,0.00377489590010812,242
AC-SINS_pH7.4,cdrL3_len,0.17133335137926464,0.007555742044092296,242
AC-SINS_pH7.4,cdrL3_charge,0.16283503181131623,0.01118203857206941,242
AC-SINS_pH7.4,cdrH1_charge,0.16276498761371294,0.011217417143882948,242
AC-SINS_pH7.4,VL_isom_total,-0.16071177347051802,0.012299323068062215,242
AC-SINS_pH7.4,cdrH2_oxidn,-0.13974992298061822,0.029748795173875395,242
AC-SINS_pH7.4,VL_charge,0.1386379856520699,0.03108707864443367,242
AC-SINS_pH7.4,cdrH2_deamid,-0.12665799185401042,0.04906028625623807,242
AC-SINS_pH7.4,cdrH2_gravy,0.11133153886878239,0.08393051233783469,242
AC-SINS_pH7.4,cdrL1_len,-0.11070124025702996,0.08570975499419403,242
AC-SINS_pH7.4,cdrL2_oxidn,0.10336285692662027,0.10873117936493583,242
AC-SINS_pH7.4,cdrL3_oxidn,0.098004978401251,0.1284184608494136,242
AC-SINS_pH7.4,cdrH2_isom,0.09692970345272403,0.13268237455279616,242
AC-SINS_pH7.4,cdrL2_deamid,0.08719392457528274,0.17638413620956955,242
AC-SINS_pH7.4,cdrH3_aromatic_frac,0.08653543633620014,0.17968559786359256,242
AC-SINS_pH7.4,cdrH3_isom,-0.07684918090414201,0.23362803296654683,242
AC-SINS_pH7.4,VH_isom_total,0.07526146843349064,0.24345810718260794,242
AC-SINS_pH7.4,cdrH1_isom,0.07414003611390013,0.25057302358177785,242
AC-SINS_pH7.4,VL_gravy,0.07221837655830222,0.2630977493878463,242
AC-SINS_pH7.4,cdrH3_hyd_frac,0.06711200238364773,0.2984398112119419,242
AC-SINS_pH7.4,VH_glycan_total,-0.06602728239936763,0.3063352593573866,242
AC-SINS_pH7.4,cdrH3_len,-0.06442596332894536,0.31824012665452567,242
AC-SINS_pH7.4,cdrL2_hyd_frac,-0.06355368978278102,0.32485000086897,242
AC-SINS_pH7.4,VL_glycan_total,0.061826375537486086,0.3381991941434611,242
AC-SINS_pH7.4,VH_unpaired_cys,0.06178680870628709,0.3385090231644545,242
AC-SINS_pH7.4,cdrL1_oxidn,-0.06167155568058633,0.33941254628101303,242
AC-SINS_pH7.4,cdrL2_charge,0.06136789325404313,0.3418004521881266,242
AC-SINS_pH7.4,cdrL1_deamid,-0.06061311856278286,0.34778190352694816,242
AC-SINS_pH7.4,cdrL2_isom,-0.05535177464506004,0.3912953059075931,242
AC-SINS_pH7.4,cdrH1_oxidn,0.05506814603314312,0.39373071328896103,242
AC-SINS_pH7.4,cdrL1_gravy,0.054617094459678,0.3976224483324534,242
AC-SINS_pH7.4,cdrH1_gravy,0.054577928696801066,0.39796145980664965,242
AC-SINS_pH7.4,VH_hyd_frac,0.05201702688334757,0.42050186756375985,242
AC-SINS_pH7.4,cdrH3_oxidn,0.0492972489573888,0.4452374791984932,242
AC-SINS_pH7.4,cdrL3_hyd_frac,0.04697789560965333,0.46696719774156614,242
AC-SINS_pH7.4,VH_gravy,0.04285000496594127,0.507046806440666,242
AC-SINS_pH7.4,cdrL2_gravy,-0.040564370343487,0.5299876782393014,242
AC-SINS_pH7.4,VL_unpaired_cys,-0.0360179947109181,0.5771254712994462,242
AC-SINS_pH7.4,VH_oxidn_total,-0.0329253034476373,0.6102730170069917,242
AC-SINS_pH7.4,total_oxidn,-0.029897438418168082,0.6435146208248389,242
AC-SINS_pH7.4,cdrL1_hyd_frac,-0.025847941791040396,0.6890942408555103,242
AC-SINS_pH7.4,VL_oxidn_total,-0.024597229183069693,0.7034113799783417,242
AC-SINS_pH7.4,total_deamid,0.024435382946459836,0.7052718539992948,242
AC-SINS_pH7.4,cdrH3_gravy,-0.023307456154867862,0.7182858569304458,242
AC-SINS_pH7.4,cdrH1_deamid,0.019614291695330677,0.7614508216491757,242
AC-SINS_pH7.4,VH_deamid_total,0.0185846166815086,0.7736248180786274,242
AC-SINS_pH7.4,VL_hyd_frac,0.01413368464811661,0.8268517563067979,242
AC-SINS_pH7.4,cdrH1_len,-0.013688400135961632,0.8322248935640786,242
AC-SINS_pH7.4,cdrH2_hyd_frac,0.011577515586278285,0.8577984297840304,242
AC-SINS_pH7.4,cdrH1_hyd_frac,0.009890141432722483,0.8783496672579074,242
AC-SINS_pH7.4,cdrL3_gravy,0.00949059682897008,0.8832283732262847,242
AC-SINS_pH7.4,VL_deamid_total,-0.007401721853337101,0.9088024715478826,242
AC-SINS_pH7.4,cdrH2_len,0.006118560458109133,0.9245606390143389,242
AC-SINS_pH7.4,cdrL3_deamid,-0.0008078609456381445,0.9900248677048781,242
AC-SINS_pH7.4,cdrH3_deamid,-0.0006821000247868557,0.991577648858831,242
AC-SINS_pH7.4,cdrL3_isom,-0.00011918411915202903,0.9985283266008701,242
AC-SINS_pH7.4,cdrL2_len,,,242
AC-SINS_pH7.4,cdrH3_glycan_sequon,,,242
HAC,VH_charge,0.7144928209668124,6.154143604393269e-16,94
HAC,cdrH1_charge,0.39153497758512407,9.529279545842021e-05,94
HAC,VL_charge,0.35959459859878923,0.000371421406115211,94
HAC,cdrH2_charge,0.3499889968289545,0.0005443798021078567,94
HAC,cdrH3_charge,0.34734958371309566,0.0006034164461213055,94
HAC,cdrL1_charge,0.29215113405539433,0.004273603947586866,94
HAC,cdrH3_gravy,-0.2005476642023601,0.052610461842728,94
HAC,cdrL2_charge,0.1891800683831165,0.06782684997350916,94
HAC,cdrL3_len,-0.18748859592401237,0.07036865084362343,94
HAC,VL_glycan_total,0.1777130089671617,0.08660098968719496,94
HAC,cdrL2_isom,0.16438197905586402,0.11337396491421008,94
HAC,cdrL2_deamid,-0.16172025768946524,0.11941666755777526,94
HAC,cdrH2_len,0.14410012775162082,0.16585287610065885,94
HAC,VL_hyd_frac,-0.14325044768899522,0.16838955181747756,94
HAC,cdrL3_charge,0.1400569616777768,0.17817981100413482,94
HAC,cdrH1_oxidn,0.13654299636670916,0.18942698488710122,94
HAC,total_oxidn,-0.13307398453049266,0.20102648635677867,94
HAC,cdrL3_oxidn,-0.12246662347698949,0.23963343146558785,94
HAC,VH_deamid_total,0.11646181987620784,0.26363524783030445,94
HAC,cdrH3_oxidn,-0.11490137648073408,0.27013062841884317,94
HAC,VL_deamid_total,-0.10884919347491356,0.2963380524476224,94
HAC,cdrH3_len,-0.10802248886382387,0.30004355003461225,94
HAC,total_deamid,0.10670771780274643,0.305999010065578,94
HAC,VL_oxidn_total,-0.10076960828852699,0.33385001566778394,94
HAC,cdrL3_isom,-0.09696627654816778,0.35250704089112905,94
HAC,VH_oxidn_total,-0.09520338218980913,0.36137068103715375,94
HAC,VH_gravy,-0.09153733896815545,0.38023846393074423,94
HAC,cdrL3_hyd_frac,-0.09149615739268925,0.38045373547342876,94
HAC,cdrH1_deamid,-0.09129654639786311,0.38149822026703284,94
HAC,VL_isom_total,-0.08910188386116245,0.39309579417387275,94
HAC,VH_hyd_frac,0.08638259398833605,0.4077534901645211,94
HAC,cdrH3_hyd_frac,-0.08421738770209448,0.41965034395507117,94
HAC,cdrL3_deamid,-0.0799011219003734,0.4439559147302963,94
HAC,cdrL2_oxidn,0.07774773525033274,0.45637145847129246,94
HAC,VH_isom_total,0.07772370168222008,0.4565111007919985,94
HAC,cdrH2_isom,0.07061452625053911,0.4988388581245138,94
HAC,cdrH2_oxidn,-0.06957904995697636,0.5051706902489355,94
HAC,cdrH1_hyd_frac,0.06926188806771494,0.5071183998675393,94
HAC,cdrH3_aromatic_frac,0.054430851378419055,0.6023303693482693,94
HAC,cdrH1_len,0.053057641820113105,0.6115318369487222,94
HAC,cdrH2_deamid,0.05100299307534165,0.625412424733177,94
HAC,VL_unpaired_cys,0.04075586257583405,0.6965233286895589,94
HAC,cdrL3_gravy,0.040483665278458425,0.6984520311692668,94
HAC,cdrH1_gravy,-0.03948566401429184,0.7055398614744569,94
HAC,cdrH3_deamid,-0.038038805070778454,0.7158601312962563,94
HAC,cdrL2_gravy,0.03078580331001716,0.7683333673837931,94
HAC,cdrL1_deamid,0.03064819202719247,0.7693399732090406,94
HAC,cdrL1_hyd_frac,-0.02917288855395707,0.7801553072690507,94
HAC,cdrH3_isom,0.027337471343586748,0.7936690254383599,94
HAC,cdrL2_hyd_frac,-0.020823244371151312,0.8420991307211187,94
HAC,cdrL1_oxidn,-0.01644177259257127,0.8750189569488,94
HAC,VL_gravy,-0.014901649127600988,0.8866442831071502,94
HAC,VH_unpaired_cys,-0.014499057585952055,0.8896872307287338,94
HAC,cdrL1_len,-0.014397812301992196,0.890452736404197,94
HAC,cdrH2_gravy,-0.012196003068544289,0.9071240592240106,94
HAC,cdrL1_isom,0.011842121134249583,0.909807479279193,94
HAC,VH_glycan_total,0.007862130530932524,0.940049671687581,94
HAC,cdrL1_gravy,-0.004165793542432013,0.9682138042333163,94
HAC,cdrH1_isom,-0.0013585287525278017,0.9896316258191689,94
HAC,cdrH2_hyd_frac,-0.00026756839771448855,0.9979578473517261,94
HAC,cdrL2_len,,,94
HAC,cdrH3_glycan_sequon,,,94
HIC,cdrH3_len,0.21775892554179965,0.0006472047578482833,242
HIC,VH_hyd_frac,0.21229933168620513,0.0008890541149636947,242
HIC,cdrL3_len,0.2102940350858954,0.0009970713150151667,242
HIC,cdrH3_hyd_frac,0.20890344323267998,0.0010789298089459438,242
HIC,VH_charge,-0.2048071893479599,0.0013572906429179126,242
HIC,cdrH3_charge,-0.18359174099134168,0.004161839369282448,242
HIC,VL_hyd_frac,0.18242378148432056,0.004412174702440919,242
HIC,cdrH2_hyd_frac,0.17475751502136108,0.0064200610683413225,242
HIC,cdrH3_aromatic_frac,0.17102460241891151,0.007666455533617503,242
HIC,cdrH1_isom,0.17000621654642253,0.008041949583906157,242
HIC,cdrH3_oxidn,0.16253734780181434,0.011333078702165881,242
HIC,VL_charge,-0.16109834667252224,0.012088868928777221,242
HIC,VL_gravy,0.1441639687930743,0.02491087775798943,242
HIC,cdrL3_oxidn,0.1297920578547997,0.04367705368985676,242
HIC,cdrH2_isom,-0.12913112343754574,0.044769063481958776,242
HIC,cdrL3_isom,0.12736110878383589,0.047806739199146346,242
HIC,cdrH1_gravy,0.11943569766073336,0.06359495358134039,242
HIC,cdrL3_hyd_frac,0.11761987156876551,0.06775879970030689,242
HIC,cdrH2_gravy,0.11492391695226187,0.07434943065268586,242
HIC,cdrL1_charge,-0.11071497190599217,0.08567067227970795,242
HIC,VH_gravy,0.10710091986651299,0.09646118094786876,242
HIC,cdrH3_gravy,0.10552295872210314,0.10149933093993882,242
HIC,cdrH1_charge,-0.0981053408696387,0.12802594535356857,242
HIC,VH_oxidn_total,0.08444024223792772,0.19049373451154752,242
HIC,cdrL1_gravy,0.0835215452019674,0.19538004524179306,242
HIC,cdrL2_deamid,0.08306825357423574,0.19782435789889405,242
HIC,cdrH1_deamid,0.07817862711981843,0.22561475780461673,242
HIC,cdrH3_isom,0.07043238038171444,0.2751172979345194,242
HIC,cdrL1_oxidn,-0.06863254734865418,0.2876013614001023,242
HIC,cdrL1_isom,-0.06824416286311796,0.29034434028253486,242
HIC,cdrL3_charge,-0.06509080019438397,0.31326137404618787,242
HIC,VL_glycan_total,-0.06435953119859728,0.31874043108878863,242
HIC,cdrH2_len,-0.06320571332973816,0.3275114794840519,242
HIC,cdrL1_hyd_frac,0.06271844420405187,0.3312618982610641,242
HIC,VH_glycan_total,-0.06103665676867882,0.3444173412299434,242
HIC,cdrH3_deamid,-0.06008295900666821,0.3520226244958451,242
HIC,cdrH1_oxidn,-0.059286697112595,0.35845272595009636,242
HIC,VH_isom_total,-0.05617360778827024,0.3842900379105916,242
HIC,cdrH1_hyd_frac,0.04876743981292573,0.4501500923526176,242
HIC,cdrH1_len,-0.04451390851553348,0.49067836253826735,242
HIC,cdrL1_deamid,-0.037701166610479946,0.5594467690655314,242
HIC,cdrL2_charge,-0.03632182895948881,0.5739149681008313,242
HIC,cdrL2_hyd_frac,0.03416723123377214,0.5968610450171309,242
HIC,total_oxidn,0.03370968050341891,0.601786772539576,242
HIC,cdrH2_charge,-0.03055057192784888,0.6362808940657003,242
HIC,VH_unpaired_cys,-0.025517696954080522,0.6928641292801281,242
HIC,cdrL3_deamid,-0.021985572684720213,0.7336414880347177,242
HIC,VL_oxidn_total,-0.021242724489256622,0.7423179307358632,242
HIC,VL_unpaired_cys,0.01871330942784215,0.772100167440276,242
HIC,cdrL3_gravy,0.01867790968554897,0.7725194688982502,242
HIC,VL_deamid_total,-0.016241611264799637,0.8015291549555883,242
HIC,cdrL2_gravy,-0.015884726528237126,0.805802657926493,242
HIC,cdrL1_len,-0.01547428613065285,0.8107245889399433,242
HIC,cdrL2_isom,0.015157355750576113,0.8145302690981153,242
HIC,cdrL2_oxidn,0.012030780469844238,0.8522936128473683,242
HIC,total_deamid,-0.009470571465804862,0.8834730137036644,242
HIC,cdrH2_oxidn,0.006452077385970846,0.9204617232945832,242
HIC,VL_isom_total,0.006322752870338767,0.9220508755224917,242
HIC,VH_deamid_total,-0.0056490207391136785,0.9303346221477624,242
HIC,cdrH2_deamid,0.002798765340882399,0.9654518452376895,242
HIC,cdrL2_len,,,242
HIC,cdrH3_glycan_sequon,,,242
PR_CHO,VH_deamid_total,-0.4354604883410202,1.6043506660059935e-10,197
PR_CHO,total_deamid,-0.38826856713346786,1.7235865415126632e-08,197
PR_CHO,VH_charge,0.32388709705563257,3.4370673626057324e-06,197
PR_CHO,cdrH2_isom,-0.2804004334962886,6.581711330789038e-05,197
PR_CHO,VH_isom_total,-0.2697285851026274,0.0001265819209689628,197
PR_CHO,cdrH2_charge,0.23246360485494572,0.0010120049865106626,197
PR_CHO,cdrH3_charge,0.20745370786328932,0.0034433243578906093,197
PR_CHO,VL_gravy,0.2047137353774982,0.003906275365231497,197
PR_CHO,cdrL1_charge,0.20393469687955712,0.0040477743129309724,197
PR_CHO,cdrL2_charge,0.1886179285501509,0.007944956453587997,197
PR_CHO,cdrH1_oxidn,-0.1820591686899884,0.010452289167184808,197
PR_CHO,VH_hyd_frac,-0.1623615217467724,0.022637559013696462,197
PR_CHO,cdrL1_oxidn,-0.16041649846923695,0.024333158793091864,197
PR_CHO,cdrL3_gravy,0.14437544646629535,0.042957026121449936,197
PR_CHO,cdrH3_aromatic_frac,0.13494520330083604,0.05867107864384485,197
PR_CHO,cdrH1_gravy,-0.13182362544175016,0.06481605271740302,197
PR_CHO,VL_charge,0.12903781990979593,0.07073589866662906,197
PR_CHO,cdrH1_len,0.12808738763069275,0.07285351467423562,197
PR_CHO,cdrH3_isom,-0.12655703156215933,0.0763711646745528,197
PR_CHO,VH_gravy,-0.12624703388698852,0.07710019590003162,197
PR_CHO,cdrH2_gravy,-0.12275022571551258,0.08571966152701355,197
PR_CHO,cdrL2_hyd_frac,-0.11859607749236857,0.09694557161350585,197
PR_CHO,cdrH2_len,-0.11324204786641612,0.11309955176169374,197
PR_CHO,cdrL3_len,0.10863290504871732,0.1286284195902093,197
PR_CHO,cdrL2_deamid,0.10176764548385193,0.1547407398632052,197
PR_CHO,total_oxidn,-0.10143358344711961,0.15610646094457326,197
PR_CHO,VL_isom_total,-0.10111308757928159,0.15742523031051425,197
PR_CHO,cdrL2_gravy,-0.09940793783307025,0.16458271531028262,197
PR_CHO,cdrL3_hyd_frac,0.09676479901180224,0.17615400239354467,197
PR_CHO,cdrH3_hyd_frac,0.09360545899970908,0.19076179346594835,197
PR_CHO,cdrH3_oxidn,-0.0905956402200502,0.2054831461346718,197
PR_CHO,cdrH1_isom,-0.08884765521105938,0.21439995048336777,197
PR_CHO,cdrH3_len,-0.08761178860907466,0.22086921976524432,197
PR_CHO,cdrL1_isom,-0.08747641879013782,0.22158617626820418,197
PR_CHO,cdrH1_charge,0.0803017214906247,0.2619779678471019,197
PR_CHO,cdrL2_oxidn,0.07861517381909643,0.27216297471719236,197
PR_CHO,VL_oxidn_total,-0.07798843260083052,0.27601548913924473,197
PR_CHO,cdrH1_hyd_frac,-0.077631097028826,0.27822843613404613,197
PR_CHO,VH_oxidn_total,-0.07362342281344925,0.30386797869365734,197
PR_CHO,VL_hyd_frac,0.0714381642072587,0.31848463652369696,197
PR_CHO,VH_glycan_total,0.06733986754357012,0.3471082983905108,197
PR_CHO,VL_glycan_total,0.0610738426008527,0.3939070565833548,197
PR_CHO,cdrL1_gravy,-0.05193344378731877,0.4685924044740202,197
PR_CHO,VL_unpaired_cys,-0.051167763403015015,0.47518302108471977,197
PR_CHO,cdrL3_deamid,-0.05068998534286555,0.4793209459677463,197
PR_CHO,cdrL3_oxidn,0.04990749122416333,0.4861398868951271,197
PR_CHO,cdrL2_isom,-0.046042382451503855,0.520571977110017,197
PR_CHO,cdrH2_hyd_frac,-0.04337333690957043,0.5450563567734517,197
PR_CHO,cdrL1_deamid,0.04194275629624494,0.558409264127056,197
PR_CHO,cdrH2_oxidn,-0.03899691711220062,0.5863921779444313,197
PR_CHO,cdrH1_deamid,0.03736010461779169,0.6022141669995686,197
PR_CHO,cdrH2_deamid,-0.03335009729735037,0.6417584883041196,197
PR_CHO,cdrH3_gravy,-0.029269443181410185,0.6830612452818285,197
PR_CHO,cdrL3_isom,-0.02804478928673028,0.6956498647733571,197
PR_CHO,VL_deamid_total,0.021935672002303952,0.7596355911327095,197
PR_CHO,cdrL1_len,0.018090393468372937,0.8007971388214907,197
PR_CHO,cdrH3_deamid,0.017327739312921413,0.8090305725739535,197
PR_CHO,cdrL3_charge,0.01690590741008357,0.8135936596911382,197
PR_CHO,cdrL1_hyd_frac,-0.01555823009468903,0.8282133012235029,197
PR_CHO,VH_unpaired_cys,0.014432106430222844,0.840475202701956,197
PR_CHO,cdrL2_len,,,197
PR_CHO,cdrH3_glycan_sequon,,,197
PR_Ova,VH_charge,0.4948188192453095,1.4583044487288407e-13,197
PR_Ova,cdrH3_charge,0.33885154619751773,1.112549830136916e-06,197
PR_Ova,cdrH2_charge,0.33268556877056193,1.7836152624441318e-06,197
PR_Ova,VH_deamid_total,-0.3293000250453826,2.3013019693036407e-06,197
PR_Ova,cdrL1_charge,0.31105250942185986,8.630672624486721e-06,197
PR_Ova,total_deamid,-0.28023508758455484,6.650109772300393e-05,197
PR_Ova,cdrH2_isom,-0.20985224405606204,0.003079385624895345,197
PR_Ova,VH_isom_total,-0.19493553089563304,0.006050668362701966,197
PR_Ova,cdrL2_oxidn,0.18492382987552775,0.00928201831906837,197
PR_Ova,VL_charge,0.17632859232498474,0.01319020916655257,197
PR_Ova,cdrL2_charge,0.17433032299698015,0.0142831515911993,197
PR_Ova,cdrL1_oxidn,-0.16589711787971342,0.019815303242334426,197
PR_Ova,cdrH1_charge,0.1611342122264279,0.02369517783403403,197
PR_Ova,cdrL2_deamid,0.15093750327158958,0.03424527056451802,197
PR_Ova,cdrH1_oxidn,-0.14546819363320126,0.041388963824218764,197
PR_Ova,cdrH3_isom,-0.13537653153443077,0.0578610321840864,197
PR_Ova,cdrL2_hyd_frac,-0.13488201030054384,0.05879053795440388,197
PR_Ova,VH_gravy,-0.13251083887782636,0.0634198592579695,197
PR_Ova,VH_hyd_frac,-0.13070081541478623,0.06715130943438241,197
PR_Ova,VL_gravy,0.12114917496965719,0.0899160558529628,197
PR_Ova,cdrL3_gravy,0.11732492426645617,0.10060452447067615,197
PR_Ova,cdrH3_len,-0.10732807273743421,0.133310478141623,197
PR_Ova,cdrL3_charge,0.09803786861694123,0.17050770194814352,197
PR_Ova,VL_isom_total,-0.09719406863457283,0.1742348586036344,197
PR_Ova,cdrH2_deamid,-0.09633676466473935,0.17808315023135635,197
PR_Ova,cdrL2_gravy,-0.09445968502590274,0.1867275800249919,197
PR_Ova,cdrL3_len,0.0922086553478758,0.19749496661357965,197
PR_Ova,cdrH1_gravy,-0.0907622713302081,0.20464730319549007,197
PR_Ova,cdrL1_gravy,-0.09055317013180597,0.2056965746615555,197
PR_Ova,cdrL3_hyd_frac,0.08627266566185937,0.2280344360377625,197
PR_Ova,cdrL3_oxidn,0.08438175592236918,0.23842954237493538,197
PR_Ova,cdrH1_len,0.08118857479732648,0.2567284633639581,197
PR_Ova,cdrH3_oxidn,-0.0778286244288768,0.2770036899737603,197
PR_Ova,VL_unpaired_cys,-0.07328306920980152,0.3061149708009183,197
PR_Ova,cdrL2_isom,-0.07178894237769907,0.3161080829374029,197
PR_Ova,cdrL1_isom,-0.07037003695526226,0.32579261036554463,197
PR_Ova,cdrH2_oxidn,-0.07015309886732508,0.3272899843866256,197
PR_Ova,VL_glycan_total,0.068421882843127,0.3393979063763496,197
PR_Ova,total_oxidn,-0.06747326674258074,0.3461517689328887,197
PR_Ova,cdrL1_len,0.061179138539970646,0.39309061228615727,197
PR_Ova,cdrH1_isom,-0.06018271777505325,0.40085736905421465,197
PR_Ova,VL_oxidn_total,-0.05835331646452449,0.41535281051431094,197
PR_Ova,VH_unpaired_cys,0.057487969217961316,0.4223151619830313,197
PR_Ova,VH_oxidn_total,-0.05192462709408451,0.46866800758873906,197
PR_Ova,cdrH2_gravy,-0.050758151858628614,0.47872938070139026,197
PR_Ova,cdrH1_hyd_frac,-0.047077662747864846,0.5112285761905516,197
PR_Ova,cdrH3_aromatic_frac,0.04440285000503867,0.5355453207077818,197
PR_Ova,cdrL1_deamid,0.04416239884727213,0.5377592530150525,197
PR_Ova,cdrH3_hyd_frac,0.0385675883648898,0.5905236824512456,197
PR_Ova,VH_glycan_total,0.03838125083191849,0.5923209683262243,197
PR_Ova,cdrL3_deamid,-0.034722443265014315,0.6281038495224868,197
PR_Ova,cdrH3_deamid,0.03372678416800419,0.6379982679283719,197
PR_Ova,cdrL1_hyd_frac,-0.026684302717925712,0.7097328589427288,197
PR_Ova,cdrH1_deamid,0.024628323297458808,0.7312018000515956,197
PR_Ova,cdrH2_hyd_frac,0.024376250102856177,0.7338488288779526,197
PR_Ova,cdrL3_isom,-0.022487459732902632,0.7537810833026036,197
PR_Ova,cdrH3_gravy,-0.020977098978055574,0.7698385069675704,197
PR_Ova,VL_deamid_total,0.016729707965685122,0.8155015338857999,197
PR_Ova,VL_hyd_frac,0.013001975311527822,0.8561024775316542,197
PR_Ova,cdrH2_len,-0.011178131391846107,0.8761126409424871,197
PR_Ova,cdrL2_len,,,197
PR_Ova,cdrH3_glycan_sequon,,,197
Purity,VL_isom_total,0.1977476876226038,0.0019956172095105776,242
Purity,cdrL3_charge,-0.16643700805304887,0.009490414670725743,242
Purity,cdrL2_hyd_frac,0.15338268623500614,0.016946456686820342,242
Purity,cdrH3_deamid,0.14606900859393604,0.023041922594725137,242
Purity,VL_hyd_frac,0.14091587872686917,0.028398679369114457,242
Purity,cdrL1_charge,0.12427676287585385,0.053510956745849,242
Purity,cdrH1_gravy,-0.12241567451037656,0.05721833764527675,242
Purity,VL_unpaired_cys,-0.1168678293387417,0.06954734275403558,242
Purity,cdrL1_isom,0.11205576957971213,0.08192292791810372,242
Purity,cdrL2_isom,0.1023983754823777,0.11208827651535602,242
Purity,cdrH3_hyd_frac,-0.09974632926295271,0.12173876281707272,242
Purity,cdrH3_aromatic_frac,-0.09921936769727654,0.12373102811693693,242
Purity,VH_glycan_total,-0.09824230895170512,0.12749176270564894,242
Purity,cdrL1_len,0.09397583825643113,0.14495654421714652,242
Purity,cdrH2_charge,0.09386559154715492,0.1454308437520135,242
Purity,cdrL1_deamid,0.08612090857728764,0.18178719460742052,242
Purity,cdrH2_oxidn,-0.07958020387583112,0.21737997365858844,242
Purity,cdrH3_charge,-0.07860570258421619,0.22308242227823333,242
Purity,cdrL2_gravy,0.07001563387656913,0.2779747202242905,242
Purity,VH_hyd_frac,-0.0693287911731203,0.2827277333420814,242
Purity,cdrH2_isom,-0.06877786313963113,0.2865795445860741,242
Purity,cdrH1_deamid,-0.06671549090356185,0.30131013076327406,242
Purity,cdrL3_isom,0.0649974425901736,0.31395740767018016,242
Purity,cdrL2_oxidn,0.06359867371157508,0.324506967658437,242
Purity,cdrH2_deamid,0.057808858438692275,0.37057990401056273,242
Purity,VL_charge,-0.05745199679955587,0.3735458337971158,242
Purity,cdrH1_isom,-0.05560599219649625,0.3891201818805038,242
Purity,cdrH3_len,0.05164378362480249,0.4238481511553366,242
Purity,total_oxidn,-0.05131258422416385,0.4268304140888365,242
Purity,cdrL1_hyd_frac,-0.05004665166792587,0.43834084481246016,242
Purity,cdrH1_len,-0.049545261317562234,0.4429482820523232,242
Purity,VH_charge,-0.04845584081281628,0.45305356406795727,242
Purity,cdrL2_deamid,-0.04666631335481364,0.46993025872547156,242
Purity,cdrL3_deamid,-0.04468230699239626,0.48903763720600235,242
Purity,VL_deamid_total,0.04148614002836774,0.5206732257543587,242
Purity,VH_gravy,-0.039204536441716634,0.5438806798721265,242
Purity,VH_oxidn_total,-0.0387748895888598,0.5483073711615172,242
Purity,cdrL1_gravy,-0.037391585742133984,0.5626786800731614,242
Purity,cdrH2_len,0.036478734022817406,0.5722603095048225,242
Purity,VL_oxidn_total,-0.036332851893270804,0.5737986510895752,242
Purity,cdrL3_gravy,-0.03538672443188661,0.5838226168107425,242
Purity,cdrH1_charge,-0.034928452948442,0.5887068378210785,242
Purity,VH_isom_total,-0.030750947878438073,0.6340684964029755,242
Purity,VH_deamid_total,-0.030316351207187345,0.6388710713299814,242
Purity,cdrH3_oxidn,-0.0302673862008076,0.63941311583226,242
Purity,VH_unpaired_cys,0.024360638222975323,0.7061316607363661,242
Purity,VL_gravy,0.023522821489073514,0.7157945568119819,242
Purity,cdrH3_gravy,-0.023466791491518063,0.7164424117390913,242
Purity,cdrH2_hyd_frac,-0.021601323262515813,0.7381253680551269,242
Purity,cdrL3_hyd_frac,0.020074434859394627,0.7560291963173021,242
Purity,total_deamid,-0.01923625120814094,0.7659138123423245,242
Purity,cdrH1_hyd_frac,-0.01866886087752711,0.7726266604571954,242
Purity,cdrH1_oxidn,-0.01802876383629744,0.7802200318373422,242
Purity,VL_glycan_total,-0.014049655460697252,0.8278651071603209,242
Purity,cdrL3_oxidn,-0.010789356814727936,0.8673867007071416,242
Purity,cdrL2_charge,-0.007569707428258292,0.906741988302078,242
Purity,cdrL3_len,0.007168865854259527,0.9116596503789673,242
Purity,cdrL1_oxidn,-0.0069646545602771795,0.9141662900233309,242
Purity,cdrH3_isom,0.00477363628687305,0.9411088281061721,242
Purity,cdrH2_gravy,-0.0013562560374642961,0.9832543005965457,242
Purity,cdrL2_len,,,242
Purity,cdrH3_glycan_sequon,,,242
SEC %Monomer,VH_charge,0.164107669456264,0.0105561711220591,242
SEC %Monomer,cdrL3_len,0.1583742409277184,0.01364195205254506,242
SEC %Monomer,cdrH1_gravy,0.15216097224624256,0.017854483690132147,242
SEC %Monomer,cdrL2_charge,0.1452403295118505,0.023839488335406313,242
SEC %Monomer,cdrH1_oxidn,0.1335198136528987,0.03792826230465341,242
SEC %Monomer,VL_unpaired_cys,0.12246401405827169,0.0571194248446798,242
SEC %Monomer,VH_oxidn_total,0.12197223743606227,0.05813232475376412,242
SEC %Monomer,cdrH3_charge,0.11477139098672999,0.0747373394519267,242
SEC %Monomer,total_deamid,0.11102855771856739,0.08478204050531436,242
SEC %Monomer,VL_isom_total,-0.10897556658558144,0.09073642173738553,242
SEC %Monomer,cdrL2_isom,-0.10713802667866168,0.0963451430022107,242
SEC %Monomer,cdrH2_isom,0.1067198945054659,0.09765913643893975,242
SEC %Monomer,VH_hyd_frac,0.1063413347522048,0.09886101036554734,242
SEC %Monomer,cdrH1_charge,0.09881501577043773,0.125276822086403,242
SEC %Monomer,cdrL3_charge,-0.09588018734684207,0.13694839682605853,242
SEC %Monomer,cdrL1_len,-0.09503310884733034,0.1404676117336476,242
SEC %Monomer,cdrH2_hyd_frac,0.09040740484577281,0.16091525156023603,242
SEC %Monomer,cdrL3_hyd_frac,0.08994008447630261,0.16309927230995463,242
SEC %Monomer,VH_deamid_total,0.08871208077734687,0.16894413231660063,242
SEC %Monomer,cdrH3_aromatic_frac,-0.07983958250669353,0.2158798885696353,242
SEC %Monomer,total_oxidn,0.07364550252655161,0.25375597781821535,242
SEC %Monomer,VH_unpaired_cys,-0.07005527456902214,0.2777020629450455,242
SEC %Monomer,cdrH2_deamid,-0.06910274697096201,0.2843038813179217,242
SEC %Monomer,cdrH3_len,-0.06697668207957985,0.29941733922517466,242
SEC %Monomer,cdrL2_gravy,-0.06620279481836208,0.30504849840994996,242
SEC %Monomer,cdrL1_deamid,0.06619602237482276,0.3050980840515947,242
SEC %Monomer,cdrH1_hyd_frac,0.06527437138152706,0.3118956933485912,242
SEC %Monomer,cdrL1_hyd_frac,-0.06517782658947362,0.31261345291456144,242
SEC %Monomer,VH_gravy,0.06251065030697327,0.33286960965528334,242
SEC %Monomer,cdrH1_len,0.062445518364568964,0.33337456739128324,242
SEC %Monomer,cdrL1_gravy,-0.0580643948239011,0.368465057430144,242
SEC %Monomer,cdrH2_len,0.05764109551246545,0.3719723922281457,242
SEC %Monomer,cdrH2_gravy,0.05613198450722807,0.3846429891923271,242
SEC %Monomer,cdrL3_isom,0.055465646134985724,0.3903200986051941,242
SEC %Monomer,VL_deamid_total,0.055357651690575424,0.391244938330254,242
SEC %Monomer,cdrL1_isom,-0.051967196073780586,0.42094772798840496,242
SEC %Monomer,cdrL3_gravy,0.04954398081700749,0.44296008409634113,242
SEC %Monomer,cdrH2_oxidn,0.04768937088723256,0.4602400308775719,242
SEC %Monomer,cdrH1_isom,0.045173058660383916,0.48427298620196224,242
SEC %Monomer,VL_glycan_total,0.04508279555184842,0.48514745890636923,242
SEC %Monomer,VL_hyd_frac,-0.04417980085923727,0.49394229527684397,242
SEC %Monomer,cdrL2_hyd_frac,-0.042024599309609695,0.5152711543420905,242
SEC %Monomer,VH_glycan_total,-0.04182502461528132,0.5172700010667548,242
SEC %Monomer,VH_isom_total,0.03997311384144071,0.5360062821173088,242
SEC %Monomer,cdrH2_charge,0.03814567481190002,0.5548219785528786,242
SEC %Monomer,cdrL2_deamid,0.03700051129401769,0.5667741116930038,242
SEC %Monomer,cdrL2_oxidn,0.031901957714270276,0.6214232871367313,242
SEC %Monomer,cdrH3_hyd_frac,-0.02822591838073436,0.6621796194421339,242
SEC %Monomer,VL_charge,0.027106388436230415,0.6747994038602556,242
SEC %Monomer,cdrH3_gravy,0.024845126772351962,0.7005651398581573,242
SEC %Monomer,cdrL3_deamid,0.02470770911466798,0.7021423898581038,242
SEC %Monomer,cdrL1_charge,0.021446395446619023,0.7399357676266392,242
SEC %Monomer,cdrL3_oxidn,0.02009531931320164,0.7557834064607512,242
SEC %Monomer,cdrH1_deamid,-0.01835281804626389,0.7763731733962667,242
SEC %Monomer,cdrH3_deamid,0.017710922475526292,0.783998339268894,242
SEC %Monomer,VL_oxidn_total,-0.016598389631622756,0.7972628159978942,242
SEC %Monomer,cdrL1_oxidn,0.01624841113487413,0.8014477869894261,242
SEC %Monomer,cdrH3_isom,-0.01019167790546447,0.8746707330350227,242
SEC %Monomer,VL_gravy,-0.00837651671046559,0.8968547290231973,242
SEC %Monomer,cdrH3_oxidn,-0.0034252197572016006,0.9577253849793075,242
SEC %Monomer,cdrL2_len,,,242
SEC %Monomer,cdrH3_glycan_sequon,,,242
SMAC,cdrH3_len,0.2775533566228035,1.1772548593005458e-05,242
SMAC,cdrH2_hyd_frac,0.24014064757084091,0.00016213318180312454,242
SMAC,VH_hyd_frac,0.21682179466608678,0.0006838337510609722,242
SMAC,cdrL3_len,0.2031455010180796,0.0014879032153483935,242
SMAC,cdrH3_oxidn,0.1913973038990749,0.002792371244532057,242
SMAC,cdrH2_gravy,0.1855658606394901,0.0037676884304447956,242
SMAC,cdrH1_gravy,0.16830631815259928,0.008705279864230139,242
SMAC,cdrH3_hyd_frac,0.16318062367683353,0.01100892155924389,242
SMAC,cdrL3_oxidn,0.1608466066882256,0.012225555116352337,242
SMAC,cdrL1_isom,-0.15383234911296123,0.016622535295750182,242
SMAC,cdrL1_gravy,0.1379758226369814,0.03190816938279473,242
SMAC,cdrL1_oxidn,-0.1281132826501342,0.04649546209986873,242
SMAC,cdrH1_isom,0.12515355848581874,0.051834688423757186,242
SMAC,cdrH3_aromatic_frac,0.12514449567219008,0.05185178887575297,242
SMAC,cdrL3_hyd_frac,0.12366075387076911,0.05471535772573211,242
SMAC,VH_gravy,0.12138268442561055,0.05936611261843081,242
SMAC,VH_glycan_total,-0.11912799126002918,0.06428538957498373,242
SMAC,cdrL3_isom,0.11145987841971164,0.08357189486637105,242
SMAC,VL_hyd_frac,0.11049188834470472,0.08630738290373759,242
SMAC,cdrH2_len,-0.10870414137469563,0.09154807294226476,242
SMAC,VH_oxidn_total,0.10338547980425894,0.10865339466964334,242
SMAC,VL_gravy,0.09754913206549704,0.13021297516988992,242
SMAC,cdrL1_len,-0.09150467065111997,0.15587358076435523,242
SMAC,cdrH3_charge,-0.08710640562870525,0.17682032231172648,242
SMAC,cdrL1_hyd_frac,0.08611731231820678,0.18180550608267051,242
SMAC,cdrL2_deamid,0.08280720572085136,0.19924207184787115,242
SMAC,cdrL2_hyd_frac,-0.08059382902231486,0.21155992268654542,242
SMAC,VL_charge,-0.0797938154509259,0.21614403718171915,242
SMAC,cdrH2_isom,-0.07542556415036039,0.24242895461333888,242
SMAC,cdrL2_gravy,-0.07261450388919642,0.2604814197342455,242
SMAC,cdrH3_isom,0.06690679433027331,0.2999230252904805,242
SMAC,cdrH2_deamid,-0.06256620242807866,0.33243931074325705,242
SMAC,cdrH1_hyd_frac,0.06056894710557273,0.3481339910595984,242
SMAC,cdrH3_deamid,-0.05983659972900779,0.35400426547920727,242
SMAC,cdrH1_deamid,0.05949820680547778,0.3567375911517674,242
SMAC,total_oxidn,0.05463825128444116,0.39743939083043334,242
SMAC,cdrH3_gravy,0.047434448259362834,0.46264417006817704,242
SMAC,cdrL3_charge,0.042626846550645685,0.5092635778998673,242
SMAC,cdrH1_oxidn,-0.04213309274954224,0.5141862094849357,242
SMAC,VH_charge,-0.040534896736448535,0.5302868901706344,242
SMAC,cdrH2_charge,0.034477177085894636,0.593534740857705,242
SMAC,VL_unpaired_cys,-0.03120247263925471,0.6290950265227778,242
SMAC,VL_isom_total,-0.031085305331744226,0.6303840112349274,242
SMAC,cdrL2_oxidn,-0.02600643413312458,0.6872876957042149,242
SMAC,cdrH1_len,-0.024710017605071202,0.7021158829537605,242
SMAC,cdrL2_isom,-0.02393529644714016,0.7110315402114791,242
SMAC,cdrL1_charge,-0.022030901484615367,0.7331131290668991,242
SMAC,cdrH2_oxidn,0.02179250432027713,0.7358933221583417,242
SMAC,cdrH1_charge,0.021048439920817813,0.7445925978585257,242
SMAC,VL_oxidn_total,-0.019590915099312756,0.7617265692118319,242
SMAC,cdrL2_charge,0.01689824829038621,0.7936817638947673,242
SMAC,total_deamid,0.015760197488613653,0.8072951907291557,242
SMAC,VH_deamid_total,0.015103327567460178,0.8151794729557866,242
SMAC,VH_isom_total,-0.014049761716148943,0.8278638255914073,242
SMAC,cdrL1_deamid,-0.013989169731998157,0.8285947118250885,242
SMAC,VH_unpaired_cys,0.012996502060179561,0.8405892457509955,242
SMAC,cdrL3_deamid,0.012712808260578102,0.8440240517405454,242
SMAC,VL_deamid_total,-0.011453661394606804,0.8593038235885395,242
SMAC,VL_glycan_total,0.010458906650686868,0.8714126205761894,242
SMAC,cdrL3_gravy,0.00408962915544736,0.9495351282490698,242
SMAC,cdrL2_len,,,242
SMAC,cdrH3_glycan_sequon,,,242
Titer,cdrL3_len,0.24379777866224228,0.00014074068399330415,239
Titer,VH_charge,0.1747203344991075,0.006772890617714841,239
Titer,VL_hyd_frac,-0.15792831906001656,0.01452262199869529,239
Titer,cdrH3_charge,0.1494089152466558,0.02085048662093242,239
Titer,cdrL3_hyd_frac,0.14266793911953787,0.027431464600132897,239
Titer,cdrH2_charge,0.13270291605212425,0.04037847664774183,239
Titer,cdrL3_gravy,0.13181509009127954,0.04174829455585069,239
Titer,cdrH2_hyd_frac,0.1274252124384757,0.04910875284753618,239
Titer,cdrL2_gravy,-0.12574212130370566,0.05220408471646945,239
Titer,VL_glycan_total,-0.12450031030176946,0.05459038742735421,239
Titer,cdrL3_deamid,0.12123025369714381,0.06130962230404047,239
Titer,VL_unpaired_cys,0.11759478292159854,0.0695636367103437,239
Titer,cdrL2_hyd_frac,-0.1077623457327985,0.09649781199386963,239
Titer,cdrL3_charge,-0.10033526152734186,0.12188269338078522,239
Titer,cdrH1_gravy,0.08880283932860304,0.171197570629318,239
Titer,cdrH3_isom,-0.08870210026765134,0.17168566337549776,239
Titer,cdrH3_len,-0.08535841328775988,0.18847896344558976,239
Titer,cdrH2_gravy,0.07756611165649922,0.23222111815758267,239
Titer,cdrL2_isom,-0.07662101594364168,0.23797735037206227,239
Titer,cdrL1_charge,0.07084575443300331,0.2753265868461735,239
Titer,VH_unpaired_cys,-0.07067979220290914,0.2764556010488622,239
Titer,VH_isom_total,-0.06937992816838591,0.28540679626339344,239
Titer,cdrL2_charge,-0.06937774195257575,0.28542201326362177,239
Titer,VH_oxidn_total,0.06808555765126593,0.2945116027645592,239
Titer,VH_hyd_frac,0.0664087119386068,0.3065914563354516,239
Titer,cdrL1_hyd_frac,-0.05998937432739121,0.3558076840604436,239
Titer,cdrL1_isom,-0.058865194645707476,0.36491007918195584,239
Titer,VL_deamid_total,0.05880010820025723,0.36544146810793177,239
Titer,cdrL1_gravy,-0.05488085785332536,0.39831964063509184,239
Titer,cdrL2_oxidn,-0.0540975872678436,0.40509653993878647,239
Titer,VH_glycan_total,-0.05248996107547916,0.41921852182360686,239
Titer,total_deamid,0.051699963424424615,0.4262622762898106,239
Titer,VL_isom_total,-0.05085544745063454,0.43386744250771825,239
Titer,VH_gravy,0.0503075270040449,0.4388430629699275,239
Titer,VL_gravy,-0.04267778385896694,0.5114235490484866,239
Titer,VL_charge,0.0404165286517269,0.5340716090749289,239
Titer,cdrH2_isom,0.03943631528252195,0.5440431435967843,239
Titer,cdrL2_deamid,0.03634808232660855,0.5760481012011042,239
Titer,cdrH2_len,-0.03543271342575917,0.5857013860408617,239
Titer,total_oxidn,0.03354587208185635,0.6058314026241636,239
Titer,cdrH2_oxidn,0.032336527769328556,0.618893051166298,239
Titer,VL_oxidn_total,-0.032218631334499995,0.6201729164041606,239
Titer,cdrH1_charge,0.028485344817627687,0.6612754435918182,239
Titer,cdrL3_isom,0.025237068970670982,0.6978887779906863,239
Titer,cdrL1_len,-0.02203137242636695,0.734721058062342,239
Titer,cdrH1_deamid,-0.021940919332547534,0.7357696495313831,239
Titer,cdrH3_gravy,0.02191693941743784,0.7360477225469123,239
Titer,VH_deamid_total,0.01963409967805385,0.7626722151167653,239
Titer,cdrL1_oxidn,-0.019420519634213134,0.7651780618733127,239
Titer,cdrH2_deamid,-0.0186788985836716,0.7738980212304253,239
Titer,cdrH1_hyd_frac,-0.017795872128169965,0.7843176295201884,239
Titer,cdrH1_isom,0.015797900246619413,0.8080330232918811,239
Titer,cdrH3_oxidn,-0.014415406831120286,0.8245474936281202,239
Titer,cdrH1_oxidn,0.010469712265929078,0.872082645365834,239
Titer,cdrH1_len,0.008088729284699456,0.901002409475939,239
Titer,cdrL1_deamid,-0.007491237749055448,0.908281709396841,239
Titer,cdrL3_oxidn,-0.005632105332282792,0.9309779923796755,239
Titer,cdrH3_hyd_frac,0.003022012286893256,0.9629321818924494,239
Titer,cdrH3_aromatic_frac,0.00270086435783629,0.9668689785560445,239
Titer,cdrH3_deamid,0.00014471856130757635,0.9982242574574366,239
Titer,cdrL2_len,,,239
Titer,cdrH3_glycan_sequon,,,239
Tm1,cdrH1_gravy,0.20950694154838292,0.0012662226838425735,234
Tm1,VH_gravy,0.1926263267216687,0.0030904546805032413,234
Tm1,VH_hyd_frac,0.16095761173074608,0.013697999202125851,234
Tm1,cdrH2_gravy,0.15245064317695242,0.019636980129816666,234
Tm1,cdrL2_isom,-0.13919273345670488,0.03331983573114244,234
Tm1,VH_charge,0.13460833820726853,0.0396421870994651,234
Tm1,cdrL3_len,0.10768467184281925,0.10033759466990314,234
Tm1,cdrH2_deamid,-0.10619426876585301,0.10515799974720257,234
Tm1,cdrL1_hyd_frac,-0.09953690327203817,0.12895367819480752,234
Tm1,cdrL3_hyd_frac,-0.09915624840967865,0.13043063047413722,234
Tm1,cdrH3_hyd_frac,-0.09706593791241235,0.138774575876126,234
Tm1,cdrL1_gravy,-0.09014876379483387,0.16930937562257156,234
Tm1,VH_deamid_total,0.08869953270855949,0.1762976608844049,234
Tm1,cdrH3_charge,0.08710152140071153,0.18424852424594187,234
Tm1,total_deamid,0.08698592087090641,0.18483375882081723,234
Tm1,total_oxidn,-0.0859740506594524,0.19001484290873985,234
Tm1,cdrH2_hyd_frac,0.08412459638103774,0.19975784742460947,234
Tm1,cdrH2_oxidn,-0.08400035032351072,0.20042514191169514,234
Tm1,VL_isom_total,-0.08360753929545066,0.20254546382856045,234
Tm1,cdrH3_gravy,-0.08342917672711023,0.20351357431278946,234
Tm1,cdrL3_isom,-0.0830951844835019,0.20533539906482026,234
Tm1,VL_glycan_total,0.07800410046918017,0.23457527588220306,234
Tm1,cdrH3_isom,0.06836435028109496,0.29769357530092605,234
Tm1,cdrH1_charge,0.06163452229606454,0.3478998071606748,234
Tm1,VH_oxidn_total,-0.05986108797546248,0.36197260922872365,234
Tm1,cdrH1_len,0.0560558376827615,0.3933438913197166,234
Tm1,cdrL3_gravy,-0.055185103160848924,0.40074596214906555,234
Tm1,cdrH3_aromatic_frac,-0.05315605174453895,0.4183142791887082,234
Tm1,cdrH2_charge,0.05265794720924993,0.42269494134794716,234
Tm1,cdrL2_charge,0.04947957633116615,0.45126946141361424,234
Tm1,VL_gravy,0.04261476651013556,0.5165423359722741,234
Tm1,cdrH1_deamid,-0.03992335930847052,0.5433984599286603,234
Tm1,cdrH2_len,0.03853084285766178,0.5575596604736708,234
Tm1,VL_oxidn_total,-0.03703891381218565,0.5729271287075564,234
Tm1,cdrH3_oxidn,0.03288770124287502,0.6167044213500221,234
Tm1,cdrH2_isom,0.032837036059764,0.6172476221332327,234
Tm1,cdrH3_len,0.03232530351265736,0.6227457277286326,234
Tm1,VL_unpaired_cys,0.032156232307877106,0.6245668689126418,234
Tm1,VH_isom_total,0.030947401916993942,0.6376536244782773,234
Tm1,VL_charge,-0.029338277849490918,0.6552489733504594,234
Tm1,cdrL2_hyd_frac,0.028000588604904668,0.6700229593942222,234
Tm1,cdrL3_oxidn,0.02457532299377075,0.7084240175669747,234
Tm1,cdrL2_deamid,-0.02286403375255018,0.7278965023664032,234
Tm1,cdrL1_oxidn,-0.022408092251664104,0.7331147785707426,234
Tm1,VH_glycan_total,0.02136828779395946,0.7450609913930029,234
Tm1,cdrL3_charge,-0.021142023645755292,0.7476687224499008,234
Tm1,cdrH1_isom,-0.020807297107646713,0.7515317591487639,234
Tm1,cdrL3_deamid,-0.020082012108586945,0.7599233187493475,234
Tm1,cdrL2_gravy,0.018940579995837,0.773186399538657,234
Tm1,cdrL1_charge,-0.017611896450513257,0.788708330642983,234
Tm1,VL_hyd_frac,-0.01685613938197497,0.7975749888424419,234
Tm1,cdrH1_oxidn,0.014807981907774968,0.82173197436803,234
Tm1,cdrL2_oxidn,-0.014595480326798456,0.8242483876785034,234
Tm1,cdrL1_len,0.013767953101331394,0.8340647337690572,234
Tm1,cdrL1_isom,0.01336895011562361,0.8388071090723807,234
Tm1,cdrH3_deamid,-0.01218996283548023,0.8528534236548748,234
Tm1,VH_unpaired_cys,-0.008785351722007173,0.8936611939690393,234
Tm1,VL_deamid_total,0.007095955619190811,0.9140216071208038,234
Tm1,cdrH1_hyd_frac,-0.006881033382255239,0.9166161327007649,234
Tm1,cdrL1_deamid,0.006144048150772656,0.9255194999663188,234
Tm1,cdrL2_len,,,234
Tm1,cdrH3_glycan_sequon,,,234
Tm2,cdrH2_charge,-0.18611508366507876,0.009556422667925987,193
Tm2,cdrH2_len,-0.14856426181639543,0.03921059017757437,193
Tm2,cdrL3_isom,-0.1384247769433735,0.05488080412502524,193
Tm2,cdrH1_oxidn,0.12707378065964534,0.07823103427730137,193
Tm2,cdrL2_hyd_frac,0.11720778028909597,0.10451993547070387,193
Tm2,cdrL2_deamid,-0.11242013030598032,0.11956942984436712,193
Tm2,cdrH2_oxidn,0.11120905540970247,0.12363123018215129,193
Tm2,VH_glycan_total,0.09937791552050049,0.16911907457453368,193
Tm2,cdrL1_deamid,0.09472019820900968,0.19009610417472703,193
Tm2,VH_gravy,0.09114771885594955,0.2074296734626989,193
Tm2,cdrH1_deamid,-0.0870509858564007,0.228674046945031,193
Tm2,cdrL2_oxidn,0.0845885414997355,0.24215986237479198,193
Tm2,cdrL1_len,-0.08223976198682126,0.25553134401321614,193
Tm2,cdrL3_hyd_frac,-0.07649095772325065,0.29037781780304756,193
Tm2,total_deamid,0.07621058451692055,0.2921547862719681,193
Tm2,cdrL1_charge,-0.07503660429007888,0.299673891832299,193
Tm2,cdrH3_aromatic_frac,-0.07424301906970655,0.3048285525088329,193
Tm2,cdrL1_gravy,-0.07418279163657193,0.30522212367747903,193
Tm2,VH_charge,-0.07219078734890014,0.31842779790943254,193
Tm2,cdrH1_isom,-0.07217303068070452,0.31854715788077814,193
Tm2,VH_deamid_total,0.06911709033991106,0.3395218159968054,193
Tm2,cdrL3_len,-0.0650997269888446,0.3684003053662718,193
Tm2,cdrL3_gravy,-0.06409416940591636,0.3758593367241413,193
Tm2,cdrH3_isom,0.06330938655180261,0.3817444960635986,193
Tm2,cdrH3_gravy,-0.06102502104323048,0.3991918141969495,193
Tm2,cdrH3_hyd_frac,-0.05977208101479129,0.40896029014248314,193
Tm2,cdrL3_deamid,-0.05497713668579752,0.4476253572685406,193
Tm2,total_oxidn,0.0542756954960493,0.4534494467544339,193
Tm2,VH_isom_total,0.053211126537215894,0.4623691076153136,193
Tm2,cdrL2_charge,0.05205146357692005,0.47219506420807,193
Tm2,cdrL1_oxidn,0.05192339899245668,0.47328712393855454,193
Tm2,VL_hyd_frac,0.048471263860086634,0.5032380659198145,193
Tm2,cdrH1_len,0.047764027193412946,0.5094943977281021,193
Tm2,VL_isom_total,-0.047531565641407696,0.5115595776339126,193
Tm2,cdrH2_hyd_frac,-0.04668768505949494,0.5190928565413284,193
Tm2,VH_oxidn_total,0.04584286035836328,0.5266910859197106,193
Tm2,VH_hyd_frac,0.043259414710125774,0.55027057127439,193
Tm2,cdrH1_hyd_frac,-0.04017279588073132,0.5791020197844547,193
Tm2,cdrH2_gravy,0.035805901964968904,0.6210528693788233,193
Tm2,VL_gravy,-0.03558693020384733,0.6231905721234268,193
Tm2,cdrH2_isom,0.034220742391226806,0.6365985770797753,193
Tm2,cdrL3_charge,0.031003887673825493,0.6686331274890502,193
Tm2,VL_oxidn_total,0.028862749458360742,0.6902967324894052,193
Tm2,cdrL3_oxidn,-0.028138882716151985,0.6976790808135371,193
Tm2,VL_deamid_total,0.026389482956155993,0.7156367467791316,193
Tm2,cdrH3_deamid,0.02286567131646409,0.7522774483428217,193
Tm2,cdrL1_hyd_frac,0.02268759737831949,0.7541446536859788,193
Tm2,VL_unpaired_cys,0.0182784039486344,0.8008066944810772,193
Tm2,cdrL2_gravy,0.017951152388308463,0.8043005112179893,193
Tm2,cdrL2_isom,-0.017658914273726997,0.8074237996164009,193
Tm2,VH_unpaired_cys,-0.016530346646740253,0.8195135352095396,193
Tm2,VL_glycan_total,0.014693641463769112,0.8392792469571602,193
Tm2,cdrH3_oxidn,0.014132735843406246,0.8453361461978728,193
Tm2,cdrH3_len,0.01091253196163969,0.8802743731263373,193
Tm2,cdrH1_gravy,-0.010314445576953046,0.8867910721906617,193
Tm2,cdrH3_charge,0.009363914048760278,0.8971634531396128,193
Tm2,VL_charge,-0.007492951584066244,0.9176291237006409,193
Tm2,cdrH1_charge,-0.006966596556438813,0.9233970657926174,193
Tm2,cdrH2_deamid,-0.002008543025399828,0.9778836093795543,193
Tm2,cdrL1_isom,-0.0013221050501463453,0.9854410400452049,193
Tm2,cdrL2_len,,,193
Tm2,cdrH3_glycan_sequon,,,193
Tonset,cdrL2_charge,0.15390959535284063,0.018482358149517136,234
Tonset,cdrL3_hyd_frac,-0.13918673425291206,0.0333275130967235,234
Tonset,cdrH1_oxidn,0.12663793575242072,0.053038176355349846,234
Tonset,VL_isom_total,-0.12268560396597056,0.06096303301266304,234
Tonset,cdrL1_oxidn,0.11450192943043587,0.08047851798909572,234
Tonset,cdrH1_charge,0.11106906063510064,0.09004120195636858,234
Tonset,cdrL2_isom,-0.11072857551989498,0.09103722573637034,234
Tonset,total_deamid,0.1072693168330148,0.1016630405053954,234
Tonset,VH_unpaired_cys,-0.09883518373079869,0.13168647973234873,234
Tonset,cdrL3_len,0.09756466112862114,0.13674763423548877,234
Tonset,VL_deamid_total,0.09391134213819412,0.15213205900052537,234
Tonset,cdrL1_deamid,0.0909126911941956,0.16570978480749196,234
Tonset,cdrH3_hyd_frac,-0.08291740557232155,0.20630991724278,234
Tonset,cdrL1_gravy,-0.07896503633430785,0.22884315895776916,234
Tonset,VL_hyd_frac,-0.07869314656555497,0.23045487422215907,234
Tonset,VH_deamid_total,0.07654330122612615,0.24348142382981933,234
Tonset,cdrL3_oxidn,0.07506017096130628,0.25276249368150583,234
Tonset,cdrL2_oxidn,-0.07444824656080867,0.256662233598031,234
Tonset,cdrH3_gravy,-0.06947223941237275,0.28991450457834417,234
Tonset,cdrH3_isom,0.06909004191194945,0.292582606490411,234
Tonset,VH_charge,0.06657875452021285,0.31052029794184827,234
Tonset,VL_oxidn_total,0.06448138123224506,0.32604278286776334,234
Tonset,VL_glycan_total,0.06425886948156978,0.3277184819218367,234
Tonset,VH_oxidn_total,0.0597649580679557,0.3627454235092161,234
Tonset,VH_hyd_frac,0.05947297317546041,0.3650990557829402,234
Tonset,cdrH3_len,-0.058069049813721685,0.37654763067703134,234
Tonset,VH_isom_total,0.05264634337259357,0.4227973103800904,234
Tonset,cdrH3_charge,0.05246302223780107,0.42441648246305974,234
Tonset,cdrH2_isom,0.04985500149247938,0.44783875567651876,234
Tonset,VH_glycan_total,0.04875983992503937,0.45788768012154357,234
Tonset,cdrH2_len,0.0476200518418076,0.468478255819596,234
Tonset,total_oxidn,0.045861726043958946,0.4850770559069323,234
Tonset,cdrL1_charge,-0.04214651877697513,0.5211651394763168,234
Tonset,cdrL2_hyd_frac,-0.03899662364759453,0.552803093644904,234
Tonset,cdrH3_aromatic_frac,-0.0384134021198695,0.5587620852400002,234
Tonset,cdrL1_len,-0.03741309242793005,0.5690542343078054,234
Tonset,cdrH1_hyd_frac,-0.035521097289995966,0.5887631935277314,234
Tonset,cdrH1_gravy,0.034571730483294566,0.5987693224354512,234
Tonset,cdrH3_deamid,-0.033558242771938855,0.609535008912033,234
Tonset,VL_unpaired_cys,0.03171872512179962,0.6292900193225631,234
Tonset,cdrL3_gravy,-0.030966655787321686,0.6374442864776404,234
Tonset,cdrL1_hyd_frac,-0.02907775295900116,0.6581160503445169,234
Tonset,cdrH2_charge,-0.028777977429058233,0.6614212701823001,234
Tonset,VL_charge,0.028176884611322024,0.6680684475174654,234
Tonset,VH_gravy,0.021913094542208654,0.7387939541634305,234
Tonset,cdrL2_deamid,0.020232197791963433,0.7581833247290962,234
Tonset,cdrH2_hyd_frac,-0.015512323152534802,0.8134044233871929,234
Tonset,VL_gravy,0.014143729096810866,0.8296038978554433,234
Tonset,cdrL1_isom,-0.014051121930503452,0.8307027365043798,234
Tonset,cdrL3_isom,-0.01140521872921933,0.8622288239166419,234
Tonset,cdrH1_len,-0.011313941060433486,0.8633206045762677,234
Tonset,cdrH1_deamid,-0.010584329989557207,0.8720567029910659,234
Tonset,cdrH1_isom,0.008997747993824653,0.8911060576830041,234
Tonset,cdrL3_charge,0.00649169001119288,0.9213184866325514,234
Tonset,cdrH2_deamid,-0.006485996602984312,0.9213872703198773,234
Tonset,cdrL3_deamid,-0.005418954379526803,0.9342882689596457,234
Tonset,cdrH2_gravy,0.004962256830605858,0.9398153808766698,234
Tonset,cdrH3_oxidn,0.002487042345681715,0.9698146454634416,234
Tonset,cdrL2_gravy,0.0024159076643910237,0.9706776186155531,234
Tonset,cdrH2_oxidn,-0.0008929596167112025,0.9891598670207484,234
Tonset,cdrL2_len,,,234
Tonset,cdrH3_glycan_sequon,,,234
