cdrH1_len,cdrH1_gravy,cdrH1_hyd_frac,cdrH1_charge,cdrH1_deamid,cdrH1_isom,cdrH1_oxidn,cdrH2_len,cdrH2_gravy,cdrH2_hyd_frac,cdrH2_charge,cdrH2_deamid,cdrH2_isom,cdrH2_oxidn,cdrH3_len,cdrH3_gravy,cdrH3_hyd_frac,cdrH3_charge,cdrH3_deamid,cdrH3_isom,cdrH3_oxidn,cdrL1_len,cdrL1_gravy,cdrL1_hyd_frac,cdrL1_charge,cdrL1_deamid,cdrL1_isom,cdrL1_oxidn,cdrL2_len,cdrL2_gravy,cdrL2_hyd_frac,cdrL2_charge,cdrL2_deamid,cdrL2_isom,cdrL2_oxidn,cdrL3_len,cdrL3_gravy,cdrL3_hyd_frac,cdrL3_charge,cdrL3_deamid,cdrL3_isom,cdrL3_oxidn,cdrH3_aromatic_frac,cdrH3_glycan_sequon,VH_deamid_total,VH_isom_total,VH_oxidn_total,VH_glycan_total,VH_hyd_frac,VH_gravy,VH_charge,VL_deamid_total,VL_isom_total,VL_oxidn_total,VL_glycan_total,VL_hyd_frac,VL_gravy,VL_charge,total_deamid,total_oxidn,VH_unpaired_cys,VL_unpaired_cys
11,-0.763636363636364,0.454545454545455,0,0,0,2,17,-1.18823529411765,0.294117647058824,2,0,1,0,12,-0.633333333333333,0.583333333333333,0,0,0,1,9,-0.122222222222222,0.555555555555556,-1,0,0,0,8,-0.3,0.5,1,1,0,0,9,-0.622222222222222,0.333333333333333,0,0,0,0,0.333333333333333,0,0,2,7,0,0.386554621848739,-0.502521008403361,4,1,0,1,0,0.355140186915888,-0.257009345794392,1,1,8,0,0
11,-0.127272727272727,0.454545454545455,0,0,0,2,17,-1.3,0.352941176470588,-1,0,0,0,11,0.109090909090909,0.545454545454545,0,0,0,1,9,-0.366666666666667,0.444444444444444,-1,0,0,0,8,-0.9375,0.375,1,0,0,0,9,-1.37777777777778,0.222222222222222,0,0,0,0,0.181818181818182,0,0,0,8,0,0.38135593220339,-0.390677966101695,-1,0,0,2,0,0.336448598130841,-0.452336448598131,2,0,10,0,0
11,-0.309090909090909,0.363636363636364,0,0,0,0,16,-0.16875,0.375,-1,1,1,2,14,-0.292857142857143,0.571428571428571,-2,0,1,1,9,-0.366666666666667,0.444444444444444,-2,0,0,0,8,-1.7125,0.25,0,0,0,0,9,-0.988888888888889,0.333333333333333,1,0,0,0,0.214285714285714,0,1,2,8,0,0.391666666666667,-0.119166666666667,-2,0,1,2,0,0.345794392523364,-0.339252336448598,0,1,10,0,0
11,0.054545454545455,0.363636363636364,-1,0,0,0,17,-1.04705882352941,0.294117647058824,-2,0,1,0,11,-0.518181818181818,0.272727272727273,-1,0,0,1,9,0.322222222222222,0.444444444444444,0,0,0,1,8,-0.5875,0.375,-1,0,0,0,9,-1.1,0.333333333333333,0,1,0,1,0.181818181818182,0,0,1,7,0,0.35593220338983,-0.35,-4,1,0,4,0,0.345794392523364,-0.335514018691589,1,1,11,0,0
11,-0.372727272727273,0.454545454545455,-2,0,0,1,17,-0.335294117647059,0.411764705882353,-3,1,1,1,14,0.107142857142857,0.5,0,0,0,0,9,-0.433333333333333,0.444444444444444,1,0,0,0,8,0.0375,0.5,0,0,0,0,9,-2.12222222222222,0.333333333333333,2,0,0,0,0.142857142857143,0,4,1,6,0,0.421487603305785,-0.184297520661157,-3,0,0,2,0,0.355140186915888,-0.402803738317757,5,4,8,0,0
11,0.145454545454545,0.454545454545455,0,0,0,1,17,-0.558823529411765,0.411764705882353,1,0,2,1,17,-0.952941176470588,0.411764705882353,2,0,0,1,9,-0.355555555555556,0.333333333333333,0,0,0,0,8,0.025,0.5,0,0,0,0,9,-1.01111111111111,0.222222222222222,0,0,0,0,0.117647058823529,0,1,2,7,0,0.403225806451613,-0.341935483870968,7,0,0,2,0,0.336448598130841,-0.287850467289719,2,1,9,0,0
11,-0.054545454545455,0.454545454545455,-1,0,0,1,19,-1.08421052631579,0.31578947368421,2,0,0,0,12,-0.875,0.416666666666667,-1,0,0,0,9,-1.3,0.333333333333333,0,0,0,0,8,-1.6125,0.25,0,0,0,0,9,-1.16666666666667,0.222222222222222,2,0,0,0,0.166666666666667,0,0,0,5,0,0.380165289256198,-0.267768595041322,2,0,0,2,0,0.317757009345794,-0.519626168224299,4,0,7,0,0
11,-0.4,0.454545454545455,0,0,0,1,17,-0.458823529411765,0.235294117647059,0,0,1,0,11,-1.05454545454545,0.363636363636364,-1,0,1,1,15,-0.833333333333333,0.333333333333333,2,0,0,0,8,-1.3375,0.375,0,0,0,1,9,-1.62222222222222,0.333333333333333,0,0,0,0,0.181818181818182,0,1,3,6,0,0.38135593220339,-0.245762711864407,1,0,1,3,0,0.353982300884956,-0.470796460176991,0,1,9,0,0
11,-0.472727272727273,0.363636363636364,0,0,0,1,17,-0.782352941176471,0.352941176470588,2,1,0,0,12,-1.3,0.333333333333333,0,0,1,0,8,-0.2,0.375,0,0,0,1,8,-0.675,0.375,0,0,0,0,9,-1.58888888888889,0.222222222222222,1,0,0,1,0.25,0,1,2,5,0,0.352941176470588,-0.426890756302521,2,1,0,6,0,0.320754716981132,-0.515094339622642,0,2,11,0,0
11,0.627272727272727,0.454545454545455,0,0,0,0,16,0.15625,0.4375,0,1,0,2,9,-1.1,0.666666666666667,0,0,0,1,9,-0.7,0.333333333333333,0,0,0,0,8,-1.7125,0.25,1,0,0,0,9,-1.25555555555556,0.333333333333333,0,0,0,0,0.444444444444444,0,2,1,7,0,0.391304347826087,-0.228695652173913,1,0,0,2,0,0.345794392523364,-0.396261682242991,2,2,9,0,0
11,-0.009090909090909,0.454545454545455,0,0,0,1,17,-0.947058823529412,0.235294117647059,0,0,1,0,13,-0.684615384615385,0.384615384615385,0,0,1,1,12,-0.358333333333333,0.25,-1,1,0,0,8,-1.425,0.25,1,0,0,0,11,-0.227272727272727,0.363636363636364,-2,0,0,0,0.153846153846154,0,0,2,8,0,0.375,-0.331666666666666,2,1,0,2,0,0.324324324324324,-0.284684684684685,-2,1,10,0,0
11,0.427272727272727,0.636363636363636,0,0,0,1,17,-0.452941176470588,0.352941176470588,-1,0,1,0,10,-1.08,0.4,-2,0,0,0,10,0.41,0.4,0,0,0,0,8,-0.6125,0.375,1,0,0,0,9,-0.866666666666667,0.333333333333333,-1,0,1,0,0.2,0,0,1,7,0,0.401709401709402,-0.24957264957265,0,0,1,1,0,0.351851851851852,-0.264814814814815,0,0,8,0,0
11,0.818181818181818,0.545454545454545,0,0,0,1,16,-0.71875,0.25,0,0,1,0,12,0.025,0.666666666666667,0,0,1,0,13,-0.907692307692308,0.307692307692308,-1,0,0,1,8,-1.1,0.375,0,0,0,0,9,-2.38888888888889,0.111111111111111,-2,0,0,1,0.416666666666667,0,3,2,5,0,0.432203389830509,-0.080508474576271,1,0,0,4,0,0.315315315315315,-0.542342342342342,-1,3,9,0,0
11,-0.090909090909091,0.363636363636364,-1,0,1,1,17,-0.447058823529412,0.411764705882353,0,0,1,1,11,-1.42727272727273,0.363636363636364,1,0,0,1,9,0.3,0.444444444444444,-1,0,0,0,8,0.425,0.625,0,0,0,0,9,-1.05555555555556,0.444444444444444,0,0,0,0,0.272727272727273,0,1,2,7,0,0.406779661016949,-0.228813559322034,0,0,0,2,0,0.373831775700935,-0.235514018691589,1,1,9,0,0
11,0.827272727272727,0.545454545454545,0,0,0,2,17,0.117647058823529,0.411764705882353,0,0,0,0,13,0.215384615384615,0.461538461538462,1,0,0,0,12,-0.425,0.333333333333333,-1,0,0,0,8,-1.475,0.25,0,0,0,0,10,-0.7,0.2,1,0,0,0,0.076923076923077,0,2,0,6,0,0.416666666666667,0.009166666666667,2,0,0,2,0,0.309090909090909,-0.386363636363636,1,2,8,0,0
11,-0.109090909090909,0.363636363636364,0,0,0,1,17,-1.08823529411765,0.235294117647059,2,0,0,0,12,-1.43333333333333,0.333333333333333,-1,0,0,0,14,-0.807142857142857,0.285714285714286,-1,0,2,0,8,0.1875,0.5,0,0,1,0,9,-1.41111111111111,0.222222222222222,1,0,0,1,0.25,0,2,0,5,0,0.369747899159664,-0.395798319327731,2,0,3,3,0,0.330357142857143,-0.334821428571428,0,2,8,0,0
11,-0.836363636363636,0.454545454545455,1,0,0,2,17,-1.15294117647059,0.294117647058824,-1,1,0,0,10,-1.1,0.5,-1,0,0,0,8,-1.325,0.25,1,0,0,1,8,-0.675,0.375,0,0,0,0,7,-2.11428571428571,0.142857142857143,1,0,0,0,0.5,0,1,1,7,0,0.393162393162393,-0.446153846153846,2,0,0,6,0,0.326923076923077,-0.517307692307692,4,1,13,0,0
11,-0.727272727272727,0.363636363636364,0,0,0,1,17,-1.53529411764706,0.294117647058824,0,0,0,0,13,-0.415384615384615,0.538461538461538,0,0,0,1,9,-0.555555555555556,0.222222222222222,-1,0,0,0,8,-0.2875,0.375,-1,0,1,0,9,-0.255555555555556,0.333333333333333,0,0,0,0,0.384615384615385,0,0,1,6,0,0.366666666666667,-0.543333333333334,1,0,2,2,0,0.327102803738318,-0.328971962616822,-2,0,8,0,0
11,-0.663636363636364,0.363636363636364,0,0,0,2,17,-1.66470588235294,0.294117647058824,2,0,0,0,14,-0.414285714285714,0.5,-2,0,1,0,9,-0.955555555555556,0.333333333333333,-1,0,0,0,8,-0.975,0.375,0,0,0,0,9,-1.78888888888889,0.333333333333333,2,0,0,1,0.142857142857143,0,0,1,7,0,0.380165289256198,-0.47603305785124,2,0,0,3,0,0.336448598130841,-0.476635514018692,2,0,10,0,0
11,-0.654545454545454,0.272727272727273,0,1,0,0,17,-0.1,0.411764705882353,1,0,0,1,16,-0.13125,0.4375,1,0,0,0,9,-0.822222222222222,0.444444444444444,0,0,1,0,8,-2.4375,0.125,2,0,0,0,11,-1.36363636363636,0.181818181818182,0,0,1,1,0.0625,0,1,0,7,0,0.373983739837398,-0.28130081300813,3,0,2,2,0,0.333333333333333,-0.45462962962963,-3,1,9,0,0
11,-0.036363636363636,0.454545454545455,0,0,0,0,17,-1.46470588235294,0.235294117647059,-1,1,0,0,7,-0.471428571428571,0.571428571428571,0,0,0,0,9,-0.255555555555556,0.333333333333333,-1,0,0,0,8,-1.1125,0.5,1,0,0,0,9,-1.77777777777778,0.111111111111111,0,0,0,0,0.285714285714286,0,1,0,4,0,0.37719298245614,-0.391228070175439,1,0,0,2,0,0.327102803738318,-0.449532710280374,2,1,6,0,0
11,0.209090909090909,0.454545454545455,0,0,0,0,17,-1.73529411764706,0.294117647058824,1,0,1,0,14,-0.671428571428572,0.428571428571429,0,0,0,0,9,-0.366666666666667,0.444444444444444,-2,0,0,0,8,-1.375,0.25,1,0,0,0,9,-1.02222222222222,0.333333333333333,0,0,0,0,0.214285714285714,0,0,1,5,0,0.380165289256198,-0.382644628099173,4,0,0,2,0,0.327102803738318,-0.408411214953271,0,0,7,0,0
11,-0.718181818181818,0.363636363636364,0,0,0,1,17,-0.917647058823529,0.411764705882353,0,0,0,1,16,-0.91875,0.5,0,0,0,1,9,-0.955555555555556,0.333333333333333,-1,0,0,0,8,-0.125,0.375,0,0,0,0,9,-0.977777777777778,0.333333333333333,0,0,0,1,0.375,0,1,0,7,0,0.414634146341463,-0.326016260162601,0,0,0,3,0,0.336448598130841,-0.337383177570093,0,1,10,0,0
11,-0.009090909090909,0.454545454545455,0,0,0,1,17,-0.7,0.294117647058824,0,0,1,0,12,-1.2,0.416666666666667,2,1,0,1,10,0.1,0.4,0,0,0,0,8,-0.6125,0.375,1,0,0,0,9,-1.4,0.222222222222222,0,0,0,1,0.166666666666667,0,1,1,10,0,0.386554621848739,-0.378991596638655,4,0,0,2,0,0.342592592592593,-0.338888888888889,1,1,12,0,0
11,-0.272727272727273,0.363636363636364,0,0,0,0,17,-0.505882352941176,0.294117647058824,1,0,0,0,8,-0.8,0.5,0,0,0,1,12,-0.683333333333333,0.333333333333333,-1,0,0,0,8,-1.1375,0.25,2,0,0,0,11,0.281818181818182,0.454545454545455,0,0,0,0,0.375,0,0,0,7,0,0.382608695652174,-0.311304347826087,4,0,0,2,0,0.333333333333333,-0.296396396396396,2,0,9,0,0
11,-0.154545454545455,0.454545454545455,-1,0,0,1,17,-1.31176470588235,0.294117647058824,1,0,1,0,18,-0.555555555555556,0.5,0,0,0,1,9,-0.7,0.333333333333333,-1,0,0,1,8,0.325,0.5,-1,1,0,0,9,-1.78888888888889,0.222222222222222,-1,0,0,2,0.277777777777778,0,3,1,6,0,0.416,-0.3304,1,1,0,4,0,0.345794392523364,-0.382242990654206,0,4,10,0,0
13,-0.376923076923077,0.230769230769231,0,0,0,0,16,-0.96875,0.25,2,0,0,0,13,-0.384615384615385,0.461538461538462,1,0,0,1,9,0.622222222222222,0.444444444444444,0,0,0,0,8,-0.975,0.375,-2,0,0,0,8,-1.5125,0.25,0,1,0,0,0.307692307692308,0,0,0,4,0,0.347107438016529,-0.220661157024793,4,1,0,1,0,0.349056603773585,-0.272641509433962,1,1,5,0,0
11,-0.681818181818182,0.272727272727273,0,0,0,0,17,-1.12941176470588,0.294117647058824,-3,0,0,1,11,-0.663636363636364,0.363636363636364,-1,0,0,0,9,0.033333333333333,0.444444444444444,-1,0,0,0,8,-1,0.5,1,0,0,2,9,-1.9,0.333333333333333,-1,0,0,1,0.272727272727273,0,0,0,7,0,0.347457627118644,-0.48728813559322,-4,0,0,5,0,0.355140186915888,-0.400934579439252,1,0,12,0,0
11,-0.527272727272727,0.454545454545455,0,0,0,1,17,-1.30588235294118,0.235294117647059,1,0,0,0,11,-0.772727272727273,0.454545454545455,0,0,0,0,9,0.622222222222222,0.444444444444444,0,0,0,0,8,-1.1125,0.5,1,0,0,0,9,-1.76666666666667,0.333333333333333,2,0,0,1,0.090909090909091,0,0,0,7,0,0.364406779661017,-0.490677966101695,3,0,0,3,0,0.355140186915888,-0.380373831775701,5,0,10,0,0
11,-0.081818181818182,0.363636363636364,0,0,0,1,17,-0.611764705882353,0.470588235294118,-2,0,2,1,17,-0.964705882352941,0.411764705882353,-1,0,0,1,12,-0.783333333333333,0.25,-1,0,0,0,8,-1.6625,0.125,1,0,0,0,11,-0.436363636363637,0.363636363636364,-1,0,1,1,0.235294117647059,0,2,2,8,0,0.411290322580645,-0.34758064516129,0,0,1,2,0,0.324324324324324,-0.29009009009009,-1,2,10,0,0
11,-0.309090909090909,0.454545454545455,-1,0,0,0,17,-1.33529411764706,0.294117647058824,2,0,0,1,10,-0.58,0.7,0,0,0,1,13,-0.976923076923077,0.307692307692308,-3,0,2,1,8,-0.3125,0.5,-1,0,0,0,9,-2.38888888888889,0.111111111111111,-2,0,0,1,0.5,0,0,0,6,0,0.393162393162393,-0.342735042735043,2,0,2,3,0,0.351351351351351,-0.442342342342342,-6,0,9,0,0
11,-0.081818181818182,0.363636363636364,0,0,0,1,17,-0.929411764705882,0.411764705882353,1,0,2,0,8,-2.4,0,0,0,0,0,11,-0.927272727272727,0.181818181818182,2,0,0,0,8,-2.5,0.25,0,0,0,0,12,-0.916666666666667,0.416666666666667,0,0,0,0,0,0,2,2,6,0,0.373913043478261,-0.446086956521739,4,0,0,1,0,0.333333333333333,-0.411711711711712,2,2,7,0,0
11,-0.327272727272727,0.363636363636364,1,0,0,0,17,-0.888235294117647,0.352941176470588,1,0,0,1,9,-1.13333333333333,0.555555555555556,1,0,0,0,9,-0.044444444444445,0.333333333333333,0,0,0,0,8,-0.9875,0.375,0,0,0,0,9,-1.63333333333333,0.333333333333333,-1,0,0,1,0.333333333333333,0,0,0,7,0,0.387931034482759,-0.414655172413793,5,0,0,3,0,0.355140186915888,-0.290654205607476,0,0,10,0,0
11,-0.5,0.454545454545455,0,0,0,1,17,-1.21764705882353,0.235294117647059,2,0,0,0,14,-0.907142857142857,0.571428571428571,-1,0,1,1,12,-0.383333333333333,0.333333333333333,0,0,0,0,8,-1.6,0.125,1,0,0,0,9,-0.088888888888889,0.666666666666667,0,0,0,2,0.357142857142857,0,0,1,7,0,0.388429752066116,-0.447933884297521,2,0,0,3,0,0.36697247706422,-0.188990825688073,2,0,10,0,0
11,-0.690909090909091,0.363636363636364,0,0,0,1,17,-1.00588235294118,0.352941176470588,-2,0,0,1,11,-0.972727272727273,0.181818181818182,-2,0,0,0,14,-0.657142857142857,0.285714285714286,-2,0,0,0,8,-0.975,0.375,2,0,0,0,9,0.144444444444444,0.333333333333333,0,0,0,0,0.090909090909091,0,0,0,6,0,0.347457627118644,-0.427118644067797,-4,0,0,2,0,0.339285714285714,-0.254464285714286,-1,0,8,0,0
11,-0.945454545454546,0.363636363636364,0,0,0,1,17,-0.311764705882353,0.294117647058824,1,1,0,0,10,0.29,0.6,-2,0,0,0,9,0.888888888888889,0.444444444444444,0,0,0,0,8,-0.6375,0.375,-2,0,0,0,8,-1.3,0.375,-1,0,0,0,0.2,0,1,0,8,0,0.384615384615385,-0.27008547008547,1,0,0,1,0,0.358490566037736,-0.190566037735849,0,1,9,0,0
11,-0.272727272727273,0.454545454545455,-1,0,0,1,17,-1.21764705882353,0.235294117647059,1,1,0,0,15,-0.506666666666667,0.533333333333333,-1,0,0,1,13,-1.5,0.307692307692308,-3,0,1,1,8,-0.3125,0.5,-1,0,0,0,9,-0.933333333333333,0.222222222222222,-2,0,0,0,0.266666666666667,0,1,0,7,0,0.385245901639344,-0.389344262295082,1,0,1,2,0,0.36036036036036,-0.320720720720721,-6,1,9,0,0
11,-0.054545454545455,0.363636363636364,1,0,0,0,17,-6.53072367426563E-18,0.470588235294118,1,0,0,0,8,-1.625,0.5,0,0,0,1,9,0.2,0.444444444444444,0,0,0,0,8,-0.6125,0.375,1,0,0,0,9,-0.977777777777778,0.222222222222222,0,0,0,0,0.375,0,0,0,6,0,0.4,-0.259130434782609,4,0,0,1,0,0.345794392523364,-0.270093457943925,1,0,7,0,0
11,0.345454545454545,0.454545454545455,0,0,0,2,17,-0.541176470588235,0.294117647058824,0,0,1,0,9,-0.777777777777778,0.666666666666667,0,0,0,0,9,0.066666666666667,0.333333333333333,0,0,0,1,8,0.05,0.5,-1,0,0,0,9,-0.4,0.444444444444444,0,0,0,1,0.444444444444444,0,3,1,6,0,0.413793103448276,-0.208620689655172,1,0,1,4,0,0.364485981308411,-0.121495327102804,0,3,10,0,0
11,0.081818181818182,0.272727272727273,0,0,0,0,17,0.205882352941177,0.470588235294118,1,0,0,0,12,-0.458333333333333,0.5,-2,0,1,0,10,0.09,0.5,-1,0,0,0,8,-1,0.375,0,0,0,0,10,-0.51,0.4,0,0,0,0,0.25,0,0,1,5,0,0.394957983193277,-0.142016806722689,-1,0,0,1,0,0.385321100917431,-0.196330275229358,-1,0,6,0,0
11,0.272727272727273,0.363636363636364,0,0,0,1,17,-0.452941176470588,0.294117647058824,0,0,1,0,10,-0.33,0.6,0,0,0,1,9,0.622222222222222,0.444444444444444,0,0,0,0,8,0.1125,0.5,0,0,0,0,9,-1.36666666666667,0.111111111111111,0,0,0,0,0.4,0,2,1,6,0,0.393162393162393,-0.152136752136752,1,0,1,2,0,0.345794392523364,-0.178504672897196,0,2,8,0,0
11,-0.272727272727273,0.454545454545455,-1,0,0,1,17,-0.135294117647059,0.470588235294118,-1,0,1,1,11,-1.1,0.545454545454545,1,0,0,1,9,-0.244444444444444,0.333333333333333,0,0,0,0,8,0.425,0.625,0,0,0,0,9,-0.788888888888889,0.444444444444444,0,0,0,0,0.272727272727273,0,1,1,8,0,0.432203389830509,-0.183050847457627,-1,0,0,2,0,0.373831775700935,-0.276635514018691,2,1,10,0,0
11,0.281818181818182,0.363636363636364,0,0,0,0,17,0.023529411764706,0.470588235294118,0,0,0,0,16,-0.2,0.5,-1,0,0,0,9,-0.211111111111111,0.444444444444444,1,0,0,0,8,-1.3375,0.375,0,0,0,0,9,-1.74444444444444,0.333333333333333,1,0,0,1,0.125,0,0,0,5,0,0.40650406504065,-0.126016260162602,-1,0,0,2,0,0.373831775700935,-0.347663551401869,2,0,7,0,0
11,-0.027272727272727,0.363636363636364,0,0,0,0,16,-0.45625,0.3125,-1,0,0,1,13,-0.415384615384615,0.692307692307692,-1,0,0,0,9,-0.433333333333333,0.222222222222222,0,0,0,0,8,-0.6,0.375,0,0,0,0,9,-2.37777777777778,0.111111111111111,0,0,0,1,0.384615384615385,0,2,0,5,1,0.386554621848739,-0.279831932773109,2,2,0,2,1,0.327102803738318,-0.358878504672897,-1,4,7,0,0
11,0.281818181818182,0.363636363636364,0,0,0,0,17,0.205882352941177,0.470588235294118,1,0,0,0,23,-0.721739130434783,0.565217391304348,-1,0,0,2,9,-0.811111111111111,0.444444444444444,0,0,1,0,8,-2.4375,0.125,1,0,0,0,11,-1.18181818181818,0.181818181818182,1,0,1,0,0.304347826086957,0,0,0,7,0,0.415384615384615,-0.239230769230769,2,0,2,1,0,0.333333333333333,-0.433333333333333,-1,0,8,0,0
11,0.109090909090909,0.454545454545455,0,0,0,0,16,0.34375,0.5,-2,0,0,0,14,-1.3,0.357142857142857,-2,0,1,1,9,-0.9,0.222222222222222,-1,0,0,0,8,-0.0875,0.5,1,0,0,0,12,-1.2,0.333333333333333,0,1,0,0,0.142857142857143,0,2,1,5,0,0.408333333333333,-0.195833333333333,-3,1,0,2,0,0.345454545454545,-0.323636363636363,2,3,7,0,0
11,-0.972727272727273,0.363636363636364,-2,0,0,1,17,-1.05294117647059,0.294117647058824,1,0,0,0,8,-0.975,0.5,1,0,0,0,14,-1,0.285714285714286,1,0,0,0,8,-0.975,0.375,2,0,0,0,9,-1.26666666666667,0.111111111111111,0,0,0,0,0.5,0,0,0,6,0,0.382608695652174,-0.407826086956522,1,0,0,2,0,0.321428571428571,-0.410714285714286,2,0,8,0,0
11,-0.690909090909091,0.363636363636364,0,0,0,2,17,-1.62352941176471,0.235294117647059,-3,0,1,0,13,-1.07692307692308,0.538461538461538,0,0,0,1,8,-0.4875,0.375,0,0,0,1,8,-0.675,0.375,0,0,0,0,7,-2.05714285714286,0.142857142857143,1,0,0,0,0.307692307692308,0,0,1,7,0,0.375,-0.5225,-1,0,0,6,0,0.336538461538462,-0.475,1,0,13,0,0
11,0.090909090909091,0.454545454545455,0,0,0,1,17,-0.570588235294118,0.294117647058824,0,0,1,0,14,-0.892857142857143,0.357142857142857,-3,0,1,1,14,-0.807142857142857,0.285714285714286,-1,0,1,0,8,1.2375,0.625,-1,0,1,0,9,-0.533333333333333,0.333333333333333,0,0,0,0,0.071428571428572,0,3,2,6,0,0.380165289256198,-0.356198347107438,-1,0,2,2,0,0.357142857142857,-0.122321428571429,-2,3,8,0,0
11,0.136363636363636,0.363636363636364,0,0,0,1,17,-0.882352941176471,0.235294117647059,0,2,1,0,5,-0.84,0.4,-1,0,0,0,14,-0.571428571428571,0.357142857142857,-1,1,0,0,8,-0.975,0.375,2,0,0,0,9,-0.888888888888889,0.222222222222222,0,0,0,1,0.2,0,5,1,4,0,0.375,-0.221428571428571,0,1,0,3,0,0.339285714285714,-0.320535714285714,0,6,7,0,0
11,-0.518181818181818,0.363636363636364,-1,0,0,0,17,-1.02941176470588,0.352941176470588,1,0,1,1,15,-1.50666666666667,0.4,-1,0,0,1,13,-1.26923076923077,0.307692307692308,-2,0,1,1,8,-0.3125,0.5,-1,0,0,0,9,-1.86666666666667,0.111111111111111,-2,0,0,0,0.2,0,0,1,8,0,0.385245901639344,-0.494262295081967,1,0,1,3,0,0.324324324324324,-0.485585585585586,-3,0,11,0,0
11,0.263636363636364,0.545454545454545,0,0,0,1,17,-0.994117647058823,0.294117647058824,-2,0,1,0,15,-0.533333333333333,0.4,-1,0,1,0,12,-0.808333333333333,0.166666666666667,0,0,0,0,8,-2.275,0.125,1,0,0,0,10,0.69,0.5,-1,0,0,0,0.133333333333333,0,3,2,5,0,0.39344262295082,-0.282786885245902,-2,0,0,1,0,0.354545454545455,-0.091818181818182,-3,3,6,0,0
11,-0.263636363636364,0.454545454545455,0,0,0,0,17,-0.888235294117647,0.294117647058824,3,1,0,0,7,-0.614285714285714,0.571428571428571,0,0,0,1,14,-0.414285714285714,0.285714285714286,0,1,0,0,8,-0.575,0.375,1,0,0,0,9,-0.877777777777778,0.222222222222222,0,0,0,1,0.285714285714286,0,3,0,5,0,0.412280701754386,-0.228947368421053,3,1,0,3,0,0.3125,-0.344642857142857,3,4,8,0,0
11,-0.818181818181818,0.363636363636364,1,0,0,1,17,-1.53529411764706,0.294117647058824,0,0,0,0,9,-0.188888888888889,0.444444444444444,0,0,0,0,8,-0.1625,0.375,0,0,0,1,8,-0.275,0.375,0,0,0,0,9,-1.38888888888889,0.222222222222222,1,0,0,0,0.222222222222222,0,0,0,5,0,0.370689655172414,-0.469827586206896,1,0,0,3,0,0.339622641509434,-0.299056603773585,2,0,8,0,0
12,-0.183333333333333,0.416666666666667,0,0,0,1,16,-1.35625,0.3125,0,0,1,0,10,-0.39,0.6,1,0,0,0,14,-0.678571428571429,0.285714285714286,0,1,0,0,8,-0.9125,0.5,2,0,0,0,9,-0.455555555555556,0.333333333333333,0,0,0,1,0.4,0,0,1,4,0,0.376068376068376,-0.316239316239316,3,1,0,3,0,0.348214285714286,-0.294642857142857,1,1,7,0,0
11,0.463636363636364,0.454545454545455,0,1,0,1,17,-0.164705882352941,0.352941176470588,0,0,1,0,15,-0.173333333333333,0.533333333333333,-1,0,0,1,9,0.2,0.444444444444444,0,0,0,0,8,-1.3375,0.375,0,0,0,0,9,-2.28888888888889,0.111111111111111,1,0,0,1,0.266666666666667,0,3,1,6,0,0.40983606557377,-0.054098360655738,0,0,0,2,0,0.355140186915888,-0.358878504672897,1,3,8,0,0
11,0.336363636363636,0.454545454545455,0,0,0,1,17,-0.311764705882353,0.294117647058824,0,0,1,0,15,-0.16,0.4,-1,0,0,2,10,-0.6,0.4,2,0,0,0,8,-0.6125,0.375,1,0,0,0,9,-1.9,0.111111111111111,1,0,0,0,0.133333333333333,0,2,1,7,0,0.385245901639344,-0.137704918032787,0,0,0,1,0,0.333333333333333,-0.407407407407407,4,2,8,0,0
12,-0.308333333333333,0.416666666666667,-1,0,0,1,16,-1.05625,0.3125,2,0,0,0,9,-0.011111111111111,0.444444444444444,1,0,0,0,9,-0.777777777777778,0.222222222222222,-1,1,0,0,8,-1.5375,0.25,-2,0,0,0,9,-0.3,0.555555555555556,0,0,0,1,0.222222222222222,0,1,0,5,0,0.362068965517241,-0.312068965517241,5,1,1,4,0,0.317757009345794,-0.404672897196262,-2,2,9,0,0
11,-0.681818181818182,0.272727272727273,0,0,0,1,17,-1.02352941176471,0.352941176470588,1,0,0,0,6,0.016666666666667,0.5,-1,0,0,1,14,-0.971428571428572,0.285714285714286,1,1,0,0,8,-1.2125,0.25,2,0,0,0,10,-0.49,0.2,0,0,0,0,0.166666666666667,0,0,1,7,0,0.371681415929204,-0.336283185840708,0,1,0,2,0,0.327433628318584,-0.331858407079646,4,1,9,0,0
11,0.336363636363636,0.454545454545455,0,0,0,1,17,-0.558823529411765,0.235294117647059,0,0,1,0,9,-1.27777777777778,0.555555555555556,0,0,0,1,9,0.3,0.444444444444444,-1,0,0,0,8,-1.1125,0.5,1,0,0,0,9,-1.8,0.222222222222222,0,0,0,1,0.222222222222222,0,2,1,6,0,0.387931034482759,-0.25948275862069,1,0,0,3,0,0.345794392523364,-0.378504672897196,2,2,9,0,0
11,-0.145454545454546,0.363636363636364,-1,0,0,1,17,-0.676470588235294,0.294117647058824,0,0,1,0,9,-0.477777777777778,0.666666666666667,-1,0,0,1,9,0.344444444444444,0.444444444444444,-1,0,0,0,8,-0.25,0.5,0,0,0,1,9,-1.56666666666667,0.333333333333333,0,0,0,1,0.333333333333333,0,2,1,6,0,0.387931034482759,-0.299137931034483,-1,0,0,3,0,0.373831775700935,-0.276635514018691,1,2,9,0,0
11,0.036363636363636,0.363636363636364,-1,0,0,1,17,-0.376470588235294,0.411764705882353,-2,0,1,0,14,-0.578571428571429,0.5,-1,0,0,1,9,0.033333333333334,0.444444444444444,-1,0,0,0,8,0.425,0.625,0,0,0,0,9,-2.22222222222222,0.111111111111111,-2,0,0,0,0.142857142857143,0,1,1,6,0,0.413223140495868,-0.15702479338843,-4,0,0,2,0,0.345794392523364,-0.35607476635514,-1,1,8,0,0
11,-0.236363636363636,0.454545454545455,0,0,0,1,17,-0.5,0.294117647058824,0,0,1,0,18,-0.438888888888889,0.444444444444444,2,0,0,0,14,-0.092857142857143,0.5,-1,0,0,0,8,-0.7125,0.375,1,0,0,0,9,-0.422222222222222,0.444444444444444,0,0,0,1,0.111111111111111,0,2,1,5,0,0.368,-0.3664,2,0,0,3,0,0.375,-0.213392857142857,-1,2,8,0,0
11,-0.245454545454545,0.454545454545455,1,0,0,2,17,-1.25294117647059,0.294117647058824,0,0,2,0,14,-0.385714285714286,0.5,-2,0,0,1,10,-0.27,0.4,1,0,0,0,8,-1,0.375,0,0,0,0,9,-0.988888888888889,0.333333333333333,0,0,0,1,0.285714285714286,0,3,2,7,0,0.413223140495868,-0.303305785123967,0,0,0,2,0,0.351851851851852,-0.367592592592592,1,3,9,0,0
11,-0.063636363636364,0.545454545454545,0,0,0,1,17,-1,0.235294117647059,-3,0,0,0,15,-0.28,0.533333333333333,0,0,0,1,9,-0.322222222222222,0.444444444444444,-1,0,0,0,8,-0.25,0.5,-1,0,0,0,9,-0.188888888888889,0.333333333333333,0,0,0,0,0.4,0,0,0,8,0,0.39344262295082,-0.318032786885246,-1,0,1,2,0,0.355140186915888,-0.227102803738318,-1,0,10,0,0
11,-0.663636363636364,0.363636363636364,0,0,0,2,17,-1.70588235294118,0.235294117647059,0,0,1,1,14,-0.25,0.571428571428571,0,0,0,0,9,-0.144444444444444,0.444444444444444,2,0,0,0,8,-0.5625,0.25,0,0,0,0,9,-1.88888888888889,0.222222222222222,-1,0,0,0,0.428571428571429,0,1,1,7,0,0.396694214876033,-0.359504132231405,1,0,0,2,0,0.327102803738318,-0.416822429906542,3,1,9,0,0
11,-0.527272727272727,0.272727272727273,0,1,0,1,17,0.147058823529412,0.529411764705882,0,0,2,2,17,-0.6,0.470588235294118,-2,0,1,1,10,0.1,0.4,0,0,0,0,8,-0.6125,0.375,1,0,0,0,10,-0.53,0.3,0,0,0,0,0.235294117647059,0,3,3,9,0,0.403225806451613,-0.290322580645161,0,0,0,1,0,0.348623853211009,-0.251376146788991,1,3,10,0,0
11,-0.163636363636364,0.272727272727273,0,0,0,0,17,-0.941176470588235,0.352941176470588,1,0,0,1,13,-0.230769230769231,0.538461538461538,0,0,0,1,12,0.25,0.333333333333333,-1,0,1,0,8,-1.5125,0.25,1,0,0,0,9,-0.344444444444444,0.444444444444444,-1,0,0,0,0.230769230769231,0,0,0,8,0,0.383333333333333,-0.3025,1,0,1,2,0,0.321100917431193,-0.354128440366972,0,0,10,0,0
11,-0.5,0.454545454545455,0,0,0,2,17,-0.847058823529412,0.294117647058824,-2,0,1,0,12,-0.975,0.5,-1,0,1,1,9,0.922222222222222,0.555555555555556,-1,0,0,0,8,-1.2875,0.375,1,0,0,1,9,-1.64444444444444,0.333333333333333,0,0,0,0,0.333333333333333,0,3,2,7,0,0.411764705882353,-0.294117647058823,-2,0,0,3,0,0.355140186915888,-0.344859813084112,1,3,10,0,0
11,-0.272727272727273,0.363636363636364,-1,0,0,0,16,-0.525,0.375,0,0,1,1,10,-0.82,0.5,0,0,0,0,9,-0.633333333333333,0.333333333333333,-2,0,0,0,8,-1.0625,0.5,1,0,0,0,8,-1.175,0.25,0,0,0,0,0.2,0,0,1,7,0,0.379310344827586,-0.373275862068966,1,0,0,2,0,0.339622641509434,-0.432075471698113,1,0,9,0,0
11,0.336363636363636,0.454545454545455,0,0,0,1,17,-0.188235294117647,0.352941176470588,0,0,1,0,16,-0.875,0.375,-1,0,1,2,11,-0.127272727272727,0.363636363636364,0,0,0,0,8,-2.775,0.125,-1,0,0,0,10,-1.73,0.3,0,0,1,2,0.25,0,2,2,7,0,0.390243902439024,-0.213821138211382,0,1,2,4,0,0.288288288288288,-0.618018018018018,-2,3,11,0,0
11,-0.772727272727273,0.454545454545455,-1,0,0,1,17,-1.94117647058823,0.176470588235294,3,0,0,0,8,-0.7875,0.625,0,0,0,1,10,0.4,0.4,0,0,0,0,8,-0.2875,0.375,0,0,0,0,9,-0.177777777777778,0.444444444444444,0,0,0,0,0.25,0,0,0,8,0,0.365217391304348,-0.621739130434783,4,0,0,2,0,0.351851851851852,-0.115740740740741,1,0,10,0,0
11,0.090909090909091,0.454545454545455,0,0,0,2,19,-0.984210526315789,0.368421052631579,0,0,0,0,10,-0.65,0.6,-2,0,0,1,13,-0.669230769230769,0.307692307692308,0,0,0,1,8,-1.025,0.375,0,0,0,0,9,-1.22222222222222,0.333333333333333,-1,0,0,1,0.3,0,2,1,7,0,0.420168067226891,-0.286554621848739,-2,0,0,4,0,0.333333333333333,-0.41981981981982,1,2,11,0,0
11,-0.254545454545455,0.454545454545455,-1,0,0,1,17,-1.01764705882353,0.176470588235294,0,0,0,0,15,-0.98,0.533333333333333,-1,0,0,0,9,0.088888888888889,0.333333333333333,0,0,0,0,8,-0.925,0.375,0,0,0,0,9,-0.977777777777778,0.444444444444444,-1,0,0,0,0.333333333333333,0,0,0,6,0,0.377049180327869,-0.414754098360655,-2,0,0,2,0,0.345794392523364,-0.313084112149533,1,0,8,0,0
11,-0.318181818181818,0.454545454545455,0,0,0,1,17,-2.07647058823529,0.294117647058824,-1,0,0,0,9,-0.677777777777778,0.444444444444444,1,0,0,0,15,-0.48,0.466666666666667,1,0,0,0,8,-1.3375,0.375,0,0,0,1,8,-0.925,0.375,0,0,0,1,0.222222222222222,0,0,0,5,0,0.370689655172414,-0.555172413793104,0,0,0,4,0,0.348214285714286,-0.415178571428571,3,0,9,0,0
11,-0.163636363636364,0.454545454545455,-1,0,0,1,16,0.3125,0.5625,1,1,0,1,5,-0.42,0.4,0,0,0,0,11,-0.481818181818182,0.454545454545455,0,0,0,0,8,0.0375,0.5,-1,0,0,0,13,0.130769230769231,0.307692307692308,-2,1,0,0,0,0,3,0,6,0,0.423423423423423,-0.010810810810811,1,1,0,1,0,0.348214285714286,-0.198214285714286,-1,4,7,0,0
11,0.290909090909091,0.363636363636364,0,0,0,1,17,0.252941176470588,0.411764705882353,0,0,2,0,23,-1.0695652173913,0.521739130434783,1,0,1,1,11,-0.609090909090909,0.272727272727273,0,0,0,0,8,-2.825,0.125,1,0,0,0,11,0.218181818181818,0.454545454545455,0,0,1,1,0.304347826086957,0,2,3,6,0,0.415384615384615,-0.238461538461539,4,0,1,2,0,0.318181818181818,-0.294545454545455,2,2,8,0,0
11,-0.145454545454546,0.363636363636364,-1,0,0,1,17,-0.394117647058823,0.294117647058824,0,0,0,0,10,-0.27,0.4,1,0,0,0,9,-0.166666666666667,0.333333333333333,0,0,0,0,8,-1.4625,0.25,2,0,0,0,9,-0.933333333333333,0.222222222222222,0,0,0,1,0.1,0,2,0,5,0,0.376068376068376,-0.247863247863248,3,0,0,2,0,0.345794392523364,-0.252336448598131,1,2,7,0,0
11,-0.127272727272727,0.454545454545455,0,0,0,1,16,-0.65625,0.3125,1,0,0,0,11,-0.454545454545455,0.363636363636364,0,0,0,0,9,-0.388888888888889,0.333333333333333,-3,0,0,0,8,-0.6,0.375,1,0,0,0,9,-1.52222222222222,0.111111111111111,0,1,0,0,0.272727272727273,0,1,0,5,0,0.384615384615385,-0.231623931623932,2,1,0,2,0,0.317757009345794,-0.409345794392523,0,2,7,0,0
11,-0.4,0.454545454545455,-2,0,0,1,17,-0.347058823529412,0.352941176470588,-1,0,2,0,19,0.515789473684211,0.526315789473684,-1,0,0,0,9,-0.133333333333333,0.444444444444444,1,0,0,1,8,-0.6875,0.375,0,0,0,0,9,-1.85555555555556,0.333333333333333,0,1,0,0,0.105263157894737,0,3,2,6,0,0.404761904761905,-0.108730158730159,-3,1,0,3,0,0.345794392523364,-0.425233644859813,3,4,9,0,0
11,0.1,0.363636363636364,0,0,0,0,17,-0.858823529411765,0.411764705882353,1,1,0,1,8,-0.275,0.5,0,0,0,1,12,-0.383333333333333,0.25,-1,1,0,0,8,-1.475,0.25,0,0,0,0,9,-0.277777777777778,0.333333333333333,0,1,0,1,0.125,0,1,0,8,0,0.373913043478261,-0.390434782608695,2,2,0,3,0,0.311926605504587,-0.344954128440367,-1,3,11,0,0
11,0.345454545454545,0.363636363636364,0,0,0,0,17,-0.235294117647059,0.411764705882353,0,0,1,1,12,-0.891666666666667,0.5,-1,0,0,1,10,-0.59,0.2,0,0,0,0,8,-0.2375,0.375,0,0,0,0,11,-1.25454545454545,0.454545454545455,0,0,0,2,0.25,0,1,2,6,0,0.394957983193277,-0.207563025210084,0,0,0,4,0,0.327272727272727,-0.444545454545454,1,1,10,0,0
11,0.436363636363636,0.363636363636364,-1,0,0,0,17,-1.04705882352941,0.294117647058824,-3,0,1,0,12,0.45,0.416666666666667,-1,0,0,0,9,-0.677777777777778,0.333333333333333,0,0,0,0,8,0.1375,0.625,0,0,0,0,9,-2.31111111111111,0.333333333333333,1,0,0,1,0.166666666666667,0,0,1,6,0,0.369747899159664,-0.222689075630252,-5,0,0,3,0,0.345794392523364,-0.536448598130841,4,0,9,0,0
11,-0.772727272727273,0.454545454545455,0,0,0,1,17,-0.535294117647059,0.470588235294118,2,0,0,1,14,-1.7,0.214285714285714,-4,0,2,0,12,-0.091666666666667,0.333333333333333,0,0,0,0,8,-2.05,0.125,0,0,1,0,11,-0.718181818181818,0.363636363636364,-1,1,0,0,0.071428571428572,0,0,2,7,0,0.388429752066116,-0.478512396694215,2,1,1,1,0,0.342342342342342,-0.242342342342342,-2,1,8,0,0
11,-0.481818181818182,0.454545454545455,0,0,0,2,17,-1.72941176470588,0.176470588235294,0,1,0,0,11,-0.181818181818182,0.545454545454545,0,0,0,0,9,0.211111111111111,0.444444444444444,-1,0,0,0,8,-1.625,0.25,0,0,0,0,9,-1.6,0.333333333333333,0,0,0,0,0.272727272727273,0,1,0,6,0,0.372881355932203,-0.444915254237288,2,0,1,3,0,0.355140186915888,-0.425233644859813,-3,1,9,0,0
11,0.090909090909091,0.454545454545455,0,0,0,1,17,0.058823529411765,0.352941176470588,0,0,1,0,18,-0.694444444444444,0.555555555555556,-2,0,1,2,9,-0.922222222222222,0.222222222222222,0,0,0,0,8,-0.8625,0.5,2,0,0,0,9,-0.933333333333333,0.222222222222222,0,1,0,0,0.333333333333333,0,2,2,7,0,0.4,-0.2248,-1,1,0,2,0,0.327102803738318,-0.47196261682243,5,3,9,0,1
11,-0.209090909090909,0.363636363636364,-1,0,0,0,17,-1.24705882352941,0.352941176470588,-1,1,0,1,20,-0.815,0.4,-3,0,0,2,9,0.622222222222222,0.444444444444444,0,0,0,0,8,-0.6375,0.375,-2,0,0,0,9,-0.922222222222222,0.333333333333333,0,1,0,0,0.2,0,1,0,8,0,0.385826771653543,-0.456692913385827,-2,1,0,1,0,0.355140186915888,-0.180373831775701,1,2,9,0,0
11,-0.336363636363636,0.363636363636364,1,0,0,1,17,-0.517647058823529,0.470588235294118,1,0,2,1,11,-0.636363636363636,0.545454545454545,0,0,0,2,9,0.2,0.444444444444444,0,0,0,0,8,-1.3375,0.375,0,0,0,0,10,-1.68,0.2,1,0,0,1,0.272727272727273,0,2,2,8,0,0.423728813559322,-0.288135593220339,6,0,0,2,0,0.361111111111111,-0.291666666666666,1,2,10,0,0
11,0.081818181818182,0.454545454545455,0,0,0,1,19,-0.763157894736842,0.368421052631579,-2,0,0,0,13,0.284615384615385,0.692307692307692,-1,0,0,0,9,-0.477777777777778,0.333333333333333,2,0,0,0,8,-0.775,0.5,1,0,0,0,9,-1.64444444444444,0.333333333333333,0,0,0,0,0.307692307692308,0,3,0,5,0,0.442622950819672,-0.140983606557377,-2,0,0,1,0,0.373831775700935,-0.317757009345794,3,3,6,0,0
11,0.218181818181818,0.363636363636364,0,0,0,0,17,0.335294117647059,0.529411764705882,1,0,0,0,13,0.838461538461539,0.615384615384615,-2,0,0,1,10,0.1,0.4,0,0,0,0,8,-0.725,0.375,1,0,0,0,9,-0.955555555555556,0.333333333333333,-1,0,1,0,0.076923076923077,0,0,0,6,0,0.416666666666667,0.005833333333333,-1,0,1,1,0,0.342592592592593,-0.367592592592593,0,0,7,0,0
11,-0.390909090909091,0.363636363636364,1,0,0,1,17,-0.247058823529412,0.411764705882353,1,0,1,0,16,-0.58125,0.5,-1,0,0,1,9,0.622222222222222,0.444444444444444,0,0,0,0,8,-0.6375,0.375,-2,0,0,0,9,-0.922222222222222,0.333333333333333,0,1,0,0,0.3125,0,2,2,7,0,0.414634146341463,-0.244715447154472,0,1,0,1,0,0.355140186915888,-0.180373831775701,1,3,8,0,0
11,-0.736363636363636,0.454545454545455,0,0,0,2,17,-0.205882352941176,0.470588235294118,0,0,0,0,12,-0.033333333333333,0.5,0,0,0,0,9,-1.04444444444444,0.333333333333333,1,0,0,0,8,-1.225,0.375,0,0,0,0,9,-1.02222222222222,0.222222222222222,-1,0,0,0,0.25,0,0,0,7,0,0.403361344537815,-0.274789915966386,2,0,0,2,0,0.327102803738318,-0.440186915887851,2,0,9,0,0
12,-0.208333333333333,0.25,0,0,0,1,17,-0.923529411764706,0.294117647058824,1,0,0,0,19,0.310526315789474,0.578947368421053,0,0,0,2,11,-0.572727272727273,0.272727272727273,-1,0,0,0,8,-1.825,0.25,1,0,0,0,11,-0.718181818181818,0.363636363636364,-1,1,1,0,0.210526315789474,0,1,0,7,0,0.385826771653543,-0.097637795275591,1,1,1,1,0,0.336363636363636,-0.313636363636363,-2,2,8,0,0
12,-0.533333333333333,0.25,0,0,0,2,16,-1.1125,0.25,0,0,0,0,12,-0.65,0.416666666666667,0,0,0,1,14,-0.8,0.357142857142857,-1,1,0,0,8,-0.7125,0.375,1,0,0,0,9,-0.588888888888889,0.333333333333333,0,0,0,2,0.166666666666667,0,0,0,7,0,0.352941176470588,-0.271428571428571,3,1,0,4,0,0.348214285714286,-0.308928571428571,-1,1,11,0,0
11,0.336363636363636,0.454545454545455,0,0,0,1,17,-0.452941176470588,0.411764705882353,1,1,1,0,19,-1.12631578947368,0.368421052631579,3,0,0,0,10,0.1,0.4,0,0,0,0,8,-0.6125,0.375,1,0,0,0,9,0.455555555555555,0.555555555555556,0,0,0,1,0.210526315789474,0,3,1,5,1,0.396825396825397,-0.3,5,0,0,2,0,0.37962962962963,-0.128703703703704,1,3,7,0,0
11,-0.481818181818182,0.454545454545455,0,0,0,2,19,-1.11578947368421,0.31578947368421,1,0,0,0,8,-1.625,0.5,0,0,0,0,14,0.164285714285714,0.428571428571429,1,1,0,0,8,-0.3,0.5,0,0,0,1,9,-0.555555555555556,0.333333333333333,-1,0,0,0,0.5,0,2,1,7,1,0.384615384615385,-0.452991452991453,1,1,0,3,0,0.357142857142857,-0.224107142857143,-1,3,10,0,0
11,-0.536363636363636,0.272727272727273,-1,0,1,0,17,-1.54705882352941,0.352941176470588,1,1,0,0,9,-0.155555555555556,0.555555555555556,0,1,0,1,13,-0.315384615384616,0.384615384615385,-1,0,0,0,8,-0.8375,0.375,0,0,0,0,9,-1.57777777777778,0.222222222222222,0,0,0,1,0.222222222222222,0,2,1,5,0,0.379310344827586,-0.455172413793103,0,0,0,3,0,0.333333333333333,-0.392792792792793,1,2,8,0,0
13,0.553846153846154,0.307692307692308,0,0,0,1,16,-1.26875,0.3125,-2,0,1,2,12,-1.34166666666667,0.416666666666667,0,0,0,1,9,-0.655555555555556,0.333333333333333,-1,0,0,0,8,-1.025,0.375,1,0,0,0,9,-0.166666666666667,0.444444444444444,1,0,0,2,0.25,0,0,1,7,0,0.358333333333333,-0.259166666666667,1,0,0,4,0,0.355140186915888,-0.308411214953271,3,0,11,0,0
11,-0.636363636363637,0.363636363636364,1,0,0,2,17,-0.276470588235294,0.352941176470588,1,1,1,0,14,-0.157142857142857,0.571428571428571,1,1,0,1,9,-0.033333333333333,0.333333333333333,0,0,0,0,8,-0.6,0.375,1,0,0,0,9,-2.48888888888889,0.222222222222222,-1,0,0,1,0.285714285714286,0,4,1,7,1,0.40495867768595,-0.137190082644628,4,0,0,2,0,0.355140186915888,-0.31588785046729,-1,4,9,0,0
11,-0.190909090909091,0.454545454545455,0,0,0,1,17,-0.094117647058824,0.411764705882353,-1,1,1,0,12,-1.15,0.416666666666667,1,0,0,1,9,0.844444444444444,0.555555555555556,0,0,0,0,8,-1.3875,0.375,1,0,0,0,9,-1.9,0.333333333333333,0,0,0,1,0.25,0,2,1,5,0,0.403361344537815,-0.207563025210084,3,0,0,5,0,0.355140186915888,-0.373831775700934,1,2,10,0,0
13,-0.346153846153846,0.384615384615385,0,0,0,1,16,-0.6875,0.375,1,0,0,0,11,-1.41818181818182,0.545454545454545,0,0,0,1,9,-0.377777777777778,0.333333333333333,-1,0,0,0,8,-0.6,0.375,1,0,0,0,10,-2.1,0.3,0,0,0,2,0.454545454545455,0,0,0,5,0,0.386554621848739,-0.249579831932773,2,0,0,4,0,0.361111111111111,-0.359259259259259,1,0,9,0,0
11,0.590909090909091,0.545454545454545,0,0,0,1,17,-1.01764705882353,0.352941176470588,1,0,2,1,19,-0.542105263157895,0.526315789473684,0,0,0,1,9,0.144444444444445,0.555555555555556,0,0,0,0,8,-1.3375,0.375,0,0,0,0,10,-1.78,0.2,1,0,0,1,0.210526315789474,0,3,2,7,0,0.420634920634921,-0.307142857142857,3,0,0,2,0,0.37037037037037,-0.316666666666666,1,3,9,0,0
11,-0.263636363636364,0.454545454545455,0,0,0,1,17,-0.782352941176471,0.294117647058824,0,1,0,0,10,-0.82,0.6,1,0,0,1,12,-0.566666666666667,0.25,-1,0,0,0,8,-2.1,0.125,2,1,0,0,11,0.972727272727273,0.545454545454545,-1,0,1,1,0.4,0,1,0,9,0,0.401709401709402,-0.333333333333333,3,1,1,2,0,0.333333333333333,-0.18018018018018,0,2,11,0,0
13,-0.376923076923077,0.307692307692308,-1,1,1,1,18,-0.827777777777778,0.5,4,1,0,1,14,-0.207142857142857,0.5,1,0,1,1,10,0.34,0.5,-1,0,0,0,8,-0.9375,0.25,1,0,0,0,9,-0.622222222222222,0.333333333333333,0,0,0,0,0.214285714285714,0,3,2,6,0,0.379032258064516,-0.323387096774193,5,0,0,1,0,0.37037037037037,-0.175,0,3,7,0,0
11,0.209090909090909,0.454545454545455,0,0,0,0,17,-1.67647058823529,0.294117647058824,-2,0,1,0,15,-0.9,0.533333333333333,0,0,0,1,15,-0.693333333333333,0.4,1,0,0,0,8,-1.3375,0.375,0,0,0,1,8,-2.1125,0.375,1,0,0,0,0.266666666666667,0,0,1,6,0,0.377049180327869,-0.521311475409836,-1,0,1,4,0,0.366071428571429,-0.44375,1,0,10,0,0
11,0.145454545454545,0.454545454545455,0,0,0,1,17,-0.670588235294118,0.470588235294118,0,0,2,1,19,-0.605263157894737,0.473684210526316,-1,0,0,0,10,0.1,0.4,0,0,0,0,8,-0.6125,0.375,1,0,0,0,9,-0.977777777777778,0.222222222222222,0,0,0,0,0.263157894736842,0,2,2,6,0,0.420634920634921,-0.318253968253968,0,0,0,1,0,0.342592592592593,-0.275,1,2,7,0,0
11,-0.4,0.363636363636364,0,0,0,0,17,-1.12352941176471,0.352941176470588,1,1,0,0,13,-0.023076923076923,0.538461538461538,0,0,0,1,9,-0.911111111111111,0.333333333333333,0,0,0,0,8,-1.6125,0.25,0,0,0,0,8,-0.8375,0.25,0,1,0,0,0.153846153846154,0,1,0,6,0,0.383333333333333,-0.370833333333333,3,1,0,2,0,0.311320754716981,-0.55,3,2,8,0,0
11,-0.609090909090909,0.363636363636364,-1,0,0,1,16,0.26875,0.5,0,0,0,0,18,-1.38333333333333,0.333333333333333,0,0,0,1,9,0.2,0.444444444444444,0,0,0,0,8,-1.3375,0.375,0,0,0,0,9,-1.68888888888889,0.222222222222222,1,0,0,1,0.277777777777778,0,3,0,6,0,0.403225806451613,-0.275806451612903,2,0,0,2,0,0.364485981308411,-0.279439252336448,1,3,8,0,0
11,-0.109090909090909,0.363636363636364,0,0,0,2,17,-1.22941176470588,0.294117647058824,1,0,1,0,14,-0.271428571428571,0.428571428571429,0,0,0,0,13,0.169230769230769,0.384615384615385,-2,0,0,1,8,-1.7375,0.125,-1,0,0,0,9,-1.16666666666667,0.222222222222222,0,0,0,0,0.214285714285714,0,2,2,6,0,0.371900826446281,-0.329752066115702,1,1,0,2,0,0.315315315315315,-0.409009009009009,-4,3,8,0,0
11,-0.1,0.454545454545455,0,0,0,2,19,-0.778947368421053,0.31578947368421,1,1,0,0,11,-1.76363636363636,0.363636363636364,0,0,0,0,9,0.222222222222222,0.333333333333333,0,0,0,0,8,-0.925,0.375,0,0,0,1,9,-1.35555555555556,0.222222222222222,0,0,0,1,0.363636363636364,0,1,1,7,0,0.358333333333333,-0.514166666666666,-1,1,0,3,1,0.336448598130841,-0.280373831775701,-2,2,10,0,0
11,-0.845454545454546,0.454545454545455,1,0,0,1,17,-1.40588235294118,0.294117647058824,3,0,0,0,14,-0.842857142857143,0.5,0,0,0,1,14,-0.278571428571428,0.357142857142857,0,1,0,0,8,-0.5,0.375,1,0,0,0,9,-1.23333333333333,0.222222222222222,0,0,0,0,0.357142857142857,0,0,0,7,0,0.396694214876033,-0.43801652892562,4,1,0,1,0,0.330357142857143,-0.322321428571428,1,1,8,0,0
11,-0.445454545454546,0.363636363636364,1,0,0,1,17,-0.247058823529412,0.411764705882353,0,0,2,0,12,-0.483333333333333,0.5,0,0,0,0,9,0.2,0.444444444444444,0,0,0,0,8,-1.3375,0.375,0,0,0,0,10,-1.78,0.2,1,0,0,1,0.166666666666667,0,1,2,5,0,0.411764705882353,-0.257142857142857,3,0,0,2,0,0.361111111111111,-0.312037037037037,1,1,7,0,0
11,-0.109090909090909,0.363636363636364,0,0,0,1,17,-0.870588235294118,0.411764705882353,0,0,2,0,11,-0.445454545454546,0.454545454545455,0,0,0,1,10,0.14,0.4,0,0,0,0,8,-0.1625,0.5,1,0,0,0,9,-1.5,0.222222222222222,0,0,0,1,0.272727272727273,0,2,2,6,0,0.398305084745763,-0.310169491525424,3,0,0,2,0,0.351851851851852,-0.310185185185185,1,2,8,0,0
11,-0.763636363636364,0.454545454545455,-1,0,0,2,17,-0.941176470588235,0.294117647058824,-1,0,1,0,13,-1.20769230769231,0.384615384615385,-1,1,0,0,9,0.566666666666667,0.444444444444444,-1,0,0,0,8,-0.4625,0.625,1,0,0,0,9,-1.94444444444444,0.222222222222222,0,0,0,0,0.230769230769231,0,1,2,6,0,0.375,-0.461666666666666,0,0,0,3,0,0.373831775700935,-0.264485981308411,0,1,9,0,0
11,-0.081818181818182,0.363636363636364,0,0,0,1,17,-0.958823529411765,0.352941176470588,-1,0,1,0,13,-0.561538461538462,0.384615384615385,-1,0,1,0,14,-0.664285714285714,0.428571428571429,-1,1,0,0,8,-0.65,0.25,1,0,0,0,9,-0.888888888888889,0.333333333333333,1,0,0,1,0.076923076923077,0,2,2,5,0,0.391666666666667,-0.270833333333333,1,1,0,3,0,0.348214285714286,-0.285714285714286,0,3,8,0,0
11,-0.290909090909091,0.454545454545455,2,0,0,1,17,-0.282352941176471,0.352941176470588,0,0,1,0,12,-1.5,0.416666666666667,-2,0,1,0,9,-0.866666666666667,0.333333333333333,1,0,0,0,8,-0.025,0.625,-1,0,0,0,9,-0.788888888888889,0.222222222222222,-1,0,0,0,0.25,0,0,2,6,0,0.403361344537815,-0.310084033613445,3,0,1,2,0,0.327102803738318,-0.441121495327103,0,0,8,0,0
11,-0.718181818181818,0.363636363636364,-1,0,0,0,17,-0.905882352941176,0.352941176470588,1,0,0,1,12,-0.441666666666667,0.5,0,0,0,0,14,-0.85,0.285714285714286,2,0,0,0,8,-0.3125,0.5,2,0,0,0,9,-0.522222222222222,0.222222222222222,0,0,0,0,0.333333333333333,0,0,0,6,0,0.386554621848739,-0.373109243697479,0,0,0,2,0,0.339285714285714,-0.274107142857143,4,0,8,0,0
11,-0.409090909090909,0.454545454545455,-2,0,0,1,17,-1.46470588235294,0.235294117647059,-3,1,0,1,13,-0.161538461538462,0.615384615384615,0,1,0,1,14,-0.564285714285714,0.285714285714286,-1,0,0,0,8,-0.5875,0.375,2,0,0,0,9,-0.5,0.333333333333333,0,0,0,0,0.307692307692308,0,2,0,9,0,0.4,-0.433333333333333,-2,0,0,2,0,0.330357142857143,-0.315178571428571,2,2,11,0,0
11,-0.718181818181818,0.363636363636364,0,0,0,1,17,-0.935294117647059,0.352941176470588,-2,0,0,1,8,-1.8875,0.125,-1,0,0,0,9,-1.4,0.222222222222222,-4,0,0,1,8,-1.0125,0.125,1,0,0,0,9,-0.511111111111111,0.333333333333333,-1,0,1,0,0,0,0,0,6,0,0.382608695652174,-0.336521739130435,-2,0,1,2,0,0.308411214953271,-0.322429906542056,-3,0,8,0,0
11,0.609090909090909,0.545454545454545,0,0,0,2,17,0.264705882352941,0.411764705882353,0,0,1,0,15,-0.933333333333333,0.4,1,0,0,0,9,0.277777777777778,0.444444444444444,0,0,0,1,8,-0.675,0.375,0,0,0,0,8,-1.925,0.375,0,0,0,1,0.133333333333333,0,2,1,7,0,0.40983606557377,-0.14344262295082,2,0,0,4,0,0.349056603773585,-0.377358490566038,2,2,11,0,0
11,-0.218181818181818,0.363636363636364,1,0,0,1,17,-0.352941176470588,0.294117647058824,0,0,0,0,6,-0.883333333333333,0.5,0,0,0,0,10,-0.13,0.3,0,0,0,0,8,0.3375,0.5,0,0,0,0,9,-1.5,0.222222222222222,0,0,0,0,0.166666666666667,0,2,0,5,0,0.398230088495575,-0.139823008849558,3,0,0,1,0,0.342592592592593,-0.269444444444444,0,2,6,0,0
11,0.381818181818182,0.454545454545455,0,0,0,0,16,0.08125,0.5,1,1,1,2,12,-0.941666666666666,0.5,-2,0,1,1,13,-0.776923076923077,0.307692307692308,0,1,1,1,8,-0.0625,0.5,-1,0,0,0,9,-3.08888888888889,0,-1,0,0,0,0.25,0,1,2,8,0,0.415254237288136,-0.109322033898305,1,1,2,3,0,0.333333333333333,-0.462162162162162,-3,2,11,0,0
11,-0.545454545454545,0.454545454545455,0,0,0,0,17,-1.24117647058824,0.294117647058824,2,2,0,1,12,-1.35,0.5,2,0,0,0,9,0.055555555555556,0.333333333333333,0,0,0,0,8,-0.975,0.25,1,0,0,0,9,-1.21111111111111,0.222222222222222,1,0,0,0,0.416666666666667,0,2,0,6,0,0.394957983193277,-0.517647058823529,7,0,0,1,1,0.336448598130841,-0.292523364485981,2,2,7,0,0
11,-0.354545454545455,0.363636363636364,-2,0,0,1,17,-0.611764705882353,0.294117647058824,0,1,1,1,14,0.228571428571429,0.571428571428571,1,0,0,1,9,-0.822222222222222,0.444444444444444,0,0,1,0,8,-2.4375,0.125,2,0,0,0,11,-1.14545454545455,0.181818181818182,0,1,1,0,0.214285714285714,0,4,1,7,0,0.388429752066116,-0.271074380165289,2,1,2,1,0,0.333333333333333,-0.433333333333333,-1,5,8,0,0
11,-0.363636363636364,0.545454545454545,-1,0,0,2,17,-1.10588235294118,0.294117647058824,-1,0,0,0,16,-0.91875,0.4375,-1,0,0,0,9,-0.433333333333333,0.222222222222222,0,0,0,0,8,-0.275,0.5,-1,0,0,0,9,-1.48888888888889,0.222222222222222,0,0,0,2,0.375,0,0,0,8,0,0.398373983739837,-0.374796747967479,-3,0,0,4,0,0.355140186915888,-0.242990654205607,0,0,12,0,0
11,-0.972727272727273,0.363636363636364,-1,0,0,1,17,-1.20588235294118,0.352941176470588,2,1,0,0,9,-1.14444444444444,0.444444444444444,1,0,0,1,13,-0.361538461538461,0.384615384615385,-2,0,0,1,8,-0.8375,0.375,0,0,0,0,9,-1.57777777777778,0.222222222222222,0,0,0,1,0.111111111111111,0,1,0,6,0,0.379310344827586,-0.510344827586207,2,0,0,4,0,0.333333333333333,-0.39009009009009,0,1,10,0,0
11,0.609090909090909,0.454545454545455,0,0,0,0,17,0.252941176470588,0.529411764705882,1,0,0,0,16,-0.7125,0.5,-2,0,0,1,9,0.2,0.444444444444444,0,0,0,0,8,-1.3375,0.375,0,0,0,0,9,-1.86666666666667,0.333333333333333,1,0,0,2,0.25,0,0,0,6,0,0.414634146341463,-0.168292682926829,-1,0,0,3,0,0.373831775700935,-0.304672897196262,1,0,9,0,0
11,-0.690909090909091,0.363636363636364,0,0,0,2,17,-1.62352941176471,0.235294117647059,-3,0,1,0,13,-1.07692307692308,0.538461538461538,0,0,0,1,8,-0.4875,0.375,0,0,0,1,8,-0.675,0.375,0,0,0,0,7,-2.05714285714286,0.142857142857143,1,0,0,0,0.307692307692308,0,0,1,7,0,0.375,-0.5225,-1,0,0,6,0,0.336538461538462,-0.449038461538462,2,0,13,0,0
11,0.290909090909091,0.363636363636364,0,0,0,1,17,0.105882352941177,0.470588235294118,0,0,1,0,11,-1.09090909090909,0.545454545454545,2,0,0,2,14,-0.278571428571429,0.357142857142857,-2,0,1,0,8,-0.975,0.375,2,0,0,0,9,-0.711111111111111,0.222222222222222,0,0,0,0,0.181818181818182,0,2,1,7,0,0.423728813559322,-0.173728813559322,5,0,1,2,0,0.330357142857143,-0.341071428571428,2,2,9,0,0
11,-0.081818181818182,0.363636363636364,0,0,0,1,17,-0.958823529411765,0.352941176470588,-1,0,1,0,13,-0.561538461538462,0.384615384615385,-1,0,1,0,14,-0.664285714285714,0.428571428571429,-1,1,0,0,8,-0.65,0.25,1,0,0,0,9,-0.888888888888889,0.333333333333333,1,0,0,1,0.076923076923077,0,2,2,5,0,0.391666666666667,-0.270833333333333,1,1,0,3,0,0.348214285714286,-0.285714285714286,0,3,8,0,0
13,-0.707692307692308,0.461538461538462,0,0,0,1,17,-0.788235294117647,0.294117647058824,0,0,1,1,9,-0.233333333333333,0.222222222222222,-1,0,1,0,9,-1.12222222222222,0.444444444444444,0,0,0,0,8,0.325,0.5,0,0,0,0,9,-0.566666666666667,0.333333333333333,1,0,0,0,0,0,2,2,6,1,0.389830508474576,-0.233050847457627,-1,0,0,2,0,0.355140186915888,-0.324299065420561,3,2,8,0,0
11,-0.372727272727273,0.363636363636364,1,0,0,0,17,-0.758823529411765,0.352941176470588,1,0,0,1,13,-1.52307692307692,0.384615384615385,1,1,0,0,15,-0.96,0.266666666666667,1,1,0,0,8,-1.3375,0.375,0,0,0,1,9,-1.64444444444444,0.333333333333333,-1,0,0,0,0.230769230769231,0,1,0,7,0,0.375,-0.466666666666667,5,1,1,3,0,0.345132743362832,-0.492920353982301,-1,2,10,0,0
11,-0.5,0.363636363636364,0,0,0,0,17,-1.67647058823529,0.294117647058824,1,1,0,0,13,-0.807692307692308,0.461538461538462,-1,0,1,2,9,2.46716227694479E-17,0.444444444444444,-1,0,0,0,8,-0.6,0.5,1,0,0,0,9,-1.86666666666667,0.111111111111111,0,0,0,0,0.307692307692308,0,1,1,5,0,0.366666666666667,-0.553333333333334,0,0,0,3,0,0.355140186915888,-0.350467289719626,2,1,8,0,0
11,-0.663636363636364,0.363636363636364,0,0,0,2,17,-1.95882352941176,0.176470588235294,1,1,0,0,14,-1.77142857142857,0.428571428571429,-2,0,1,0,8,0.05,0.5,0,0,0,1,8,-0.625,0.375,-1,0,0,0,9,-0.677777777777778,0.333333333333333,0,0,0,1,0.357142857142857,0,1,1,7,0,0.363636363636364,-0.643801652892562,0,0,0,4,0,0.349056603773585,-0.30377358490566,0,1,11,0,0
11,0.063636363636364,0.363636363636364,-1,0,0,0,17,-0.976470588235294,0.352941176470588,-3,0,0,0,13,1.53846153846154,0.538461538461538,0,0,0,0,12,-0.216666666666667,0.333333333333333,-1,0,0,0,8,-2.7875,0.125,2,0,0,0,11,0.836363636363636,0.454545454545455,-1,0,0,0,0.076923076923077,0,0,0,7,0,0.391666666666667,-0.14,-4,0,0,1,0,0.342342342342342,-0.181981981981982,0,0,8,0,0
11,0.181818181818182,0.363636363636364,0,0,0,0,16,0.30625,0.5,-1,1,0,2,13,-0.684615384615385,0.384615384615385,0,0,0,0,15,-0.82,0.333333333333333,1,1,0,0,8,-1.275,0.25,0,0,0,0,9,-0.388888888888889,0.333333333333333,0,0,0,0,0.076923076923077,0,1,0,7,0,0.369747899159664,-0.174789915966387,2,1,1,2,0,0.345132743362832,-0.342477876106195,0,2,9,0,0
11,-0.509090909090909,0.363636363636364,0,0,0,0,17,-1.24117647058824,0.235294117647059,-3,0,0,1,13,-1.36153846153846,0.384615384615385,2,0,0,1,14,-0.971428571428572,0.285714285714286,1,1,0,0,8,-0.575,0.375,1,0,0,0,9,-0.977777777777778,0.111111111111111,0,0,0,0,0.230769230769231,0,0,0,6,0,0.375,-0.404166666666667,2,1,0,1,0,0.321428571428571,-0.320535714285714,3,1,7,0,0
11,-0.654545454545455,0.454545454545455,2,0,0,1,17,-1.67647058823529,0.294117647058824,0,0,1,0,8,-0.9875,0.375,0,0,0,1,9,0.311111111111111,0.444444444444444,0,0,0,0,8,-0.225,0.375,-1,0,0,0,9,-0.533333333333333,0.444444444444444,0,0,0,2,0.125,0,0,1,7,0,0.365217391304348,-0.559130434782609,4,0,0,4,0,0.355140186915888,-0.204672897196262,1,0,11,0,0
11,-0.145454545454546,0.454545454545455,0,0,0,1,17,-1.45294117647059,0.294117647058824,0,0,1,0,11,-1.52727272727273,0.363636363636364,0,0,1,1,13,0.269230769230769,0.384615384615385,0,0,0,1,8,-0.775,0.5,0,0,0,0,9,-2.3,0.222222222222222,0,0,0,0,0.181818181818182,0,0,2,6,0,0.38135593220339,-0.385593220338983,0,0,0,2,0,0.378378378378378,-0.242342342342342,0,0,8,0,0
11,-0.072727272727273,0.363636363636364,0,0,0,1,17,0.088235294117647,0.470588235294118,0,0,1,0,12,0.108333333333333,0.416666666666667,1,0,0,1,12,-0.191666666666667,0.416666666666667,0,0,0,0,8,-1.3875,0.25,1,0,0,0,11,0.527272727272727,0.545454545454545,0,0,0,1,0,0,3,1,6,0,0.411764705882353,-0.069747899159664,0,0,0,2,0,0.351351351351351,-0.186486486486486,2,3,8,0,0
11,0.363636363636363,0.454545454545455,0,0,0,1,17,-0.482352941176471,0.352941176470588,0,0,1,0,12,-0.883333333333334,0.333333333333333,0,0,1,0,14,-0.564285714285714,0.357142857142857,-1,1,0,0,8,-0.975,0.375,2,0,0,0,9,0.277777777777778,0.444444444444444,0,0,0,1,0.25,0,3,2,5,0,0.403361344537815,-0.229411764705882,1,1,0,3,0,0.357142857142857,-0.232142857142857,0,4,8,0,0
11,-0.518181818181818,0.454545454545455,0,0,0,2,17,-1.47647058823529,0.294117647058824,-1,0,1,0,18,0.111111111111111,0.555555555555556,-2,0,0,1,9,-0.122222222222222,0.555555555555556,-1,0,0,0,8,-0.6875,0.5,0,1,0,0,9,-2.12222222222222,0.111111111111111,1,0,0,0,0.333333333333333,0,0,1,9,0,0.392,-0.42,-1,1,0,2,0,0.345794392523364,-0.414953271028037,2,1,11,0,0
11,-0.536363636363636,0.454545454545455,0,0,0,0,17,-1.49411764705882,0.294117647058824,1,0,1,1,12,-1.43333333333333,0.5,-1,0,1,0,15,-0.973333333333333,0.333333333333333,3,1,0,0,8,-1.3375,0.375,0,0,0,1,8,0.1125,0.375,1,0,0,0,0.416666666666667,0,0,2,4,0,0.394957983193277,-0.483193277310924,0,1,1,3,0,0.357142857142857,-0.355357142857143,3,1,7,0,0
13,0.723076923076923,0.384615384615385,0,0,0,1,16,-1.85,0.3125,-1,0,0,2,12,0.375,0.666666666666667,-1,0,0,1,8,-0.6125,0.375,1,0,0,1,8,-0.675,0.375,0,0,0,0,9,-0.344444444444445,0.333333333333333,0,0,0,0,0.333333333333333,0,0,0,8,0,0.391666666666667,-0.265833333333334,1,0,0,3,0,0.339622641509434,-0.266981132075472,2,0,11,0,0
11,-0.809090909090909,0.363636363636364,1,0,0,1,17,-1.75882352941176,0.294117647058824,2,0,0,0,12,-1.275,0.5,-2,0,0,0,8,-0.2375,0.375,0,0,0,1,8,-0.675,0.375,0,0,0,0,9,-1.38888888888889,0.222222222222222,0,0,0,1,0.333333333333333,0,0,1,6,0,0.361344537815126,-0.692436974789916,3,0,0,7,0,0.349056603773585,-0.375471698113207,2,0,13,1,0
11,-0.5,0.363636363636364,0,0,0,0,17,-1.44117647058824,0.294117647058824,1,1,0,0,16,-0.8125,0.5625,-1,0,0,1,9,-0.922222222222222,0.444444444444444,0,0,0,1,8,-0.6875,0.375,0,0,0,0,8,-0.725,0.5,-1,0,0,1,0.3125,0,1,0,6,0,0.40650406504065,-0.447154471544715,2,0,0,4,0,0.349056603773585,-0.449056603773585,1,1,10,0,0
13,-0.592307692307692,0.307692307692308,-1,0,0,1,16,-0.85625,0.375,0,0,0,0,13,0.669230769230769,0.538461538461538,0,0,0,0,9,0.2,0.444444444444444,0,0,0,0,8,-1.3375,0.375,0,0,0,0,9,-0.933333333333333,0.222222222222222,0,0,0,0,0.230769230769231,0,1,0,5,0,0.380165289256198,-0.149586776859504,1,0,0,2,0,0.364485981308411,-0.25607476635514,0,1,7,0,0
11,-0.127272727272727,0.363636363636364,-1,0,0,0,16,-0.25,0.375,0,0,0,0,16,0.8125,0.5625,0,0,0,0,10,0.11,0.4,0,0,0,0,8,-0.6125,0.375,1,0,0,0,8,-2.5,0.125,-1,1,0,0,0.1875,0,3,0,4,0,0.418032786885246,0.013934426229508,1,1,0,1,0,0.336448598130841,-0.410280373831776,0,4,5,0,0
11,-0.363636363636364,0.545454545454545,0,0,0,0,17,-1.02941176470588,0.176470588235294,1,0,0,0,16,-0.9,0.3125,-1,0,2,1,14,-0.871428571428571,0.285714285714286,-1,1,0,0,8,-0.975,0.375,2,0,0,0,9,-0.555555555555556,0.444444444444444,0,0,0,1,0.25,0,0,2,5,0,0.341463414634146,-0.476422764227642,0,1,0,3,0,0.330357142857143,-0.38125,2,1,8,0,0
11,-0.127272727272727,0.272727272727273,0,1,0,1,17,-0.694117647058824,0.470588235294118,1,0,2,1,6,-1.78333333333333,0.333333333333333,-2,0,0,0,9,0.2,0.444444444444444,0,0,0,0,8,-1.3375,0.375,0,0,0,0,9,-2.2,0.111111111111111,1,0,0,1,0.166666666666667,0,3,2,6,0,0.389380530973451,-0.369026548672566,2,0,0,2,0,0.355140186915888,-0.351401869158878,1,3,8,0,0
11,-0.027272727272727,0.454545454545455,0,0,0,1,17,-1.67647058823529,0.294117647058824,0,0,1,0,14,-0.792857142857143,0.5,1,0,0,0,14,-0.814285714285714,0.357142857142857,1,1,0,0,8,-1.0875,0.375,1,1,0,1,9,-0.4,0.444444444444444,-1,0,0,1,0.357142857142857,0,0,1,6,0,0.396694214876033,-0.328925619834711,1,2,0,4,0,0.357142857142857,-0.315178571428572,-1,2,10,0,0
11,-0.254545454545455,0.454545454545455,0,0,0,2,17,-1.47647058823529,0.235294117647059,0,1,1,0,12,-0.266666666666667,0.583333333333333,1,0,0,1,9,-1.36666666666667,0.333333333333333,0,0,0,0,8,-0.325,0.5,1,0,0,0,9,-1.22222222222222,0.222222222222222,0,0,0,1,0.166666666666667,0,1,2,7,0,0.369747899159664,-0.461344537815126,2,0,0,3,0,0.327102803738318,-0.488785046728972,2,1,10,0,0
11,-0.063636363636364,0.545454545454545,0,0,0,1,17,-1.25882352941176,0.235294117647059,0,1,1,0,12,0.116666666666667,0.666666666666667,0,0,1,1,14,-0.057142857142857,0.428571428571429,1,1,0,0,8,-2.77555756156289E-17,0.5,0,0,0,1,9,-0.522222222222222,0.444444444444444,-1,0,0,0,0.333333333333333,0,1,2,7,0,0.403361344537815,-0.310084033613445,2,1,0,3,0,0.375,-0.128571428571429,-1,2,10,0,0
11,-0.727272727272727,0.363636363636364,0,0,0,1,17,-1.15294117647059,0.294117647058824,1,1,0,0,15,-0.133333333333333,0.666666666666667,0,1,0,1,8,-0.2,0.375,0,0,0,1,8,-0.075,0.5,0,0,0,0,9,-1.47777777777778,0.222222222222222,0,0,0,1,0.4,0,3,0,6,0,0.418032786885246,-0.272950819672131,2,0,0,4,0,0.330188679245283,-0.402830188679245,2,3,10,0,0
11,-0.372727272727273,0.454545454545455,-1,0,0,1,17,-0.188235294117647,0.352941176470588,0,1,1,1,15,-0.766666666666667,0.533333333333333,-1,0,0,1,9,0.2,0.444444444444444,0,0,0,0,8,-1.3375,0.375,0,0,0,0,9,-1.61111111111111,0.222222222222222,1,0,0,1,0.266666666666667,0,3,1,7,0,0.40983606557377,-0.312295081967213,1,0,0,2,0,0.364485981308411,-0.311214953271028,1,3,9,0,0
13,-0.592307692307692,0.307692307692308,0,1,0,1,16,-0.56875,0.375,1,0,0,0,19,-1.35789473684211,0.421052631578947,1,0,0,1,9,0.2,0.444444444444444,0,0,0,0,8,-1.3375,0.375,0,0,0,0,9,-2.01111111111111,0.222222222222222,1,0,0,1,0.368421052631579,0,1,0,6,1,0.377952755905512,-0.323622047244094,1,0,0,2,0,0.364485981308411,-0.335514018691589,1,1,8,0,0
11,0.045454545454546,0.454545454545455,0,0,0,0,17,-0.405882352941177,0.352941176470588,1,0,1,0,10,-0.83,0.4,0,0,0,0,11,-0.554545454545454,0.272727272727273,1,0,0,0,8,-0.275,0.5,0,0,0,0,11,-1.30909090909091,0.272727272727273,-2,0,1,2,0.1,0,2,1,4,0,0.393162393162393,-0.243589743589744,3,0,1,3,0,0.327272727272727,-0.317272727272727,-1,2,7,0,0
11,-0.563636363636364,0.454545454545455,-1,0,0,1,19,-1.54736842105263,0.368421052631579,0,0,0,1,11,-0.909090909090909,0.454545454545455,0,0,0,0,9,0.333333333333333,0.333333333333333,-1,0,0,0,8,-0.9875,0.5,-1,1,0,0,9,-1,0.333333333333333,0,1,0,0,0.363636363636364,0,2,1,6,0,0.4,-0.478333333333333,-1,2,1,2,0,0.345794392523364,-0.32803738317757,-1,4,8,0,0
12,-0.6,0.333333333333333,0,0,0,1,16,-0.93125,0.25,0,0,1,0,14,-0.321428571428571,0.5,1,0,0,1,13,-1.29230769230769,0.307692307692308,-3,0,2,1,8,-0.0375,0.625,-1,0,0,0,9,-2.4,0.111111111111111,-2,0,0,0,0.285714285714286,0,1,2,6,0,0.388429752066116,-0.272727272727273,1,0,2,2,0,0.333333333333333,-0.527927927927928,-4,1,8,0,0
11,-0.763636363636364,0.363636363636364,-1,0,0,0,17,-1.07058823529412,0.294117647058824,0,0,1,1,11,-0.372727272727273,0.545454545454545,1,0,0,1,9,-0.622222222222222,0.333333333333333,-1,0,0,0,8,-0.6,0.375,1,0,0,0,9,-0.788888888888889,0.222222222222222,0,1,0,0,0.272727272727273,0,0,2,6,0,0.38135593220339,-0.395762711864407,1,2,0,2,0,0.336448598130841,-0.297196261682243,-1,2,8,0,0
11,-0.318181818181818,0.454545454545455,0,0,0,1,17,-1.34705882352941,0.235294117647059,-1,1,0,1,12,-0.491666666666667,0.5,0,0,0,0,15,-0.513333333333333,0.4,1,0,0,0,8,-1.3375,0.375,0,0,0,1,9,-1.36666666666667,0.555555555555556,0,0,0,1,0.25,0,2,0,6,0,0.394957983193277,-0.312605042016807,-1,0,0,4,0,0.353982300884956,-0.482300884955752,3,2,10,0,0
11,-0.190909090909091,0.454545454545455,0,0,0,1,17,0.358823529411765,0.411764705882353,0,0,1,0,11,-0.7,0.363636363636364,-4,0,0,0,9,0.2,0.444444444444444,0,0,0,0,8,-1.3375,0.375,0,0,0,0,10,-1.84,0.3,1,0,0,2,0.090909090909091,0,2,1,5,0,0.389830508474576,-0.177966101694915,-3,0,0,4,0,0.361111111111111,-0.427777777777778,1,2,9,0,0
11,0.127272727272727,0.454545454545455,0,1,0,2,17,-0.429411764705882,0.352941176470588,1,0,1,0,14,-0.164285714285714,0.428571428571429,1,0,0,0,11,-0.881818181818182,0.272727272727273,1,0,0,0,8,-1.775,0.25,1,1,0,0,11,0.072727272727273,0.545454545454545,-1,1,0,2,0.142857142857143,0,3,1,6,0,0.388429752066116,-0.203305785123967,3,2,0,3,0,0.336363636363636,-0.33,2,5,9,0,0
11,-0.354545454545455,0.363636363636364,-1,0,0,1,17,-0.041176470588235,0.294117647058824,0,0,1,0,13,-0.815384615384616,0.461538461538462,0,0,0,1,9,-0.955555555555556,0.333333333333333,-1,0,0,0,8,-0.9625,0.375,-2,0,0,0,9,-0.533333333333333,0.333333333333333,-1,0,1,0,0.307692307692308,0,2,1,6,0,0.375,-0.270833333333333,0,0,1,2,0,0.336448598130841,-0.35607476635514,-3,2,8,0,0
11,0.636363636363636,0.454545454545455,0,0,0,1,17,-0.941176470588235,0.235294117647059,2,0,1,0,12,-1.01666666666667,0.416666666666667,1,0,0,0,11,-1.07272727272727,0.272727272727273,-1,0,0,0,8,-3.1625,0.125,-2,0,0,0,9,0.088888888888889,0.444444444444444,0,0,0,0,0.333333333333333,0,2,1,5,0,0.378151260504202,-0.285714285714286,4,2,1,2,0,0.354545454545455,-0.29,-5,4,7,0,0
11,-0.727272727272727,0.363636363636364,0,0,0,1,17,-1.38823529411765,0.294117647058824,2,0,0,0,9,-0.311111111111111,0.333333333333333,0,0,1,0,9,-0.155555555555555,0.555555555555556,-1,0,0,0,8,0.1,0.625,0,0,0,0,9,-2.32222222222222,0.111111111111111,-1,0,0,1,0.111111111111111,0,0,1,8,0,0.370689655172414,-0.422413793103448,4,0,0,2,0,0.383177570093458,-0.28411214953271,-2,0,10,0,0
11,-0.490909090909091,0.454545454545455,0,0,0,2,17,-1.61764705882353,0.176470588235294,1,1,0,0,6,-0.5,0.5,-1,0,0,1,14,-0.9,0.357142857142857,2,0,1,0,8,-0.075,0.5,1,0,0,1,9,-0.255555555555556,0.444444444444444,-1,0,0,0,0.166666666666667,0,1,0,8,0,0.36283185840708,-0.48141592920354,2,0,1,3,0,0.366071428571429,-0.210714285714286,2,1,11,0,0
13,0.523076923076923,0.307692307692308,0,0,0,1,16,-1.7,0.3125,-1,0,0,2,12,0,0.583333333333333,0,0,0,2,8,0.0875,0.5,0,0,0,1,8,-0.675,0.375,0,0,0,0,9,-0.344444444444445,0.333333333333333,0,0,0,0,0.25,0,0,0,9,0,0.383333333333333,-0.260833333333333,2,0,0,3,0,0.339622641509434,-0.240566037735849,2,0,12,0,1
11,-0.081818181818182,0.363636363636364,0,0,0,1,16,-0.38125,0.1875,0,0,1,0,14,-0.5,0.357142857142857,-1,0,0,0,9,0.322222222222222,0.444444444444444,0,0,0,1,8,0.025,0.5,0,0,0,0,9,-1.97777777777778,0.222222222222222,0,1,0,0,0.285714285714286,0,3,1,6,0,0.358333333333333,-0.231666666666667,1,1,0,3,0,0.336448598130841,-0.416822429906542,1,4,9,1,0
13,-0.607692307692308,0.307692307692308,-1,0,0,1,16,-1.14375,0.3125,1,0,0,0,11,0.036363636363636,0.454545454545455,0,0,0,0,9,-0.955555555555556,0.333333333333333,-1,0,0,0,8,-0.9625,0.375,-2,0,0,0,9,-0.311111111111111,0.444444444444444,-1,0,0,0,0.090909090909091,0,0,0,5,0,0.361344537815126,-0.205042016806723,1,0,0,2,0,0.345794392523364,-0.299065420560748,-3,0,7,0,0
11,-0.2,0.454545454545455,0,0,0,2,16,-0.93125,0.3125,0,1,2,0,10,-1.69,0.4,0,0,0,1,14,-0.592857142857143,0.357142857142857,-1,0,1,0,8,-1.7625,0.25,1,0,1,0,9,-0.588888888888889,0.333333333333333,0,0,0,2,0.2,0,3,2,8,0,0.396551724137931,-0.404310344827586,1,0,2,4,0,0.330357142857143,-0.399107142857143,2,3,12,0,0
11,-0.327272727272727,0.545454545454545,-1,0,0,1,17,-1.44117647058824,0.235294117647059,0,1,0,0,16,-1.31875,0.5,-4,0,0,1,14,0.4,0.5,0,1,0,0,8,-1.05,0.375,2,0,0,0,9,-0.322222222222222,0.222222222222222,0,0,0,0,0.25,0,2,0,6,0,0.398373983739837,-0.517073170731707,-3,1,0,2,0,0.339285714285714,-0.267857142857143,4,3,8,0,0
11,-0.509090909090909,0.454545454545455,0,0,0,1,16,-1.25,0.1875,0,0,0,0,11,-0.981818181818182,0.545454545454545,0,0,0,2,15,-0.533333333333333,0.4,1,0,0,0,8,-1.3375,0.375,0,0,0,1,9,-1.98888888888889,0.222222222222222,1,0,0,0,0.363636363636364,0,0,0,7,1,0.393162393162393,-0.277777777777778,3,0,1,3,0,0.345132743362832,-0.530088495575221,-1,0,10,0,0
11,-0.6,0.545454545454545,0,0,0,1,17,-1.35294117647059,0.176470588235294,1,1,0,0,13,-1.36153846153846,0.461538461538462,0,0,0,1,13,-0.492307692307692,0.307692307692308,1,0,0,0,8,0.2125,0.625,-1,0,0,0,9,-1.13333333333333,0.222222222222222,0,0,0,0,0.307692307692308,0,1,1,7,0,0.375,-0.5125,2,0,0,1,0,0.369369369369369,-0.189189189189189,0,1,8,0,0
11,-0.372727272727273,0.363636363636364,-2,0,0,1,17,-1.18235294117647,0.235294117647059,1,1,0,0,12,-0.475,0.5,0,0,0,0,9,0.633333333333333,0.444444444444444,-1,0,0,0,8,-1.1125,0.5,1,0,0,0,9,-1.11111111111111,0.555555555555556,0,0,0,0,0.333333333333333,0,2,0,5,0,0.394957983193277,-0.274789915966386,0,0,0,2,0,0.373831775700935,-0.321495327102804,2,2,7,0,0
11,-0.718181818181818,0.363636363636364,0,0,0,1,17,-1.07647058823529,0.294117647058824,-3,0,1,1,10,-0.05,0.6,-1,0,0,0,8,-0.6625,0.375,1,0,0,1,8,-0.75,0.375,1,0,0,0,9,-0.977777777777778,0.222222222222222,1,0,0,0,0.2,0,0,1,7,0,0.401709401709402,-0.215384615384615,-2,1,0,3,0,0.339622641509434,-0.258490566037736,5,1,10,0,1
11,-1.07272727272727,0.363636363636364,0,0,0,2,17,-1.34117647058824,0.235294117647059,1,0,1,0,13,-0.86923076923077,0.461538461538462,-2,0,1,2,14,0.164285714285714,0.357142857142857,-1,0,0,0,8,-0.975,0.375,2,0,0,0,9,-0.688888888888889,0.333333333333333,0,0,0,0,0.307692307692308,0,1,2,8,1,0.383333333333333,-0.423333333333333,-1,0,0,2,0,0.330357142857143,-0.322321428571428,3,1,10,0,0
11,0.327272727272727,0.545454545454545,0,0,0,1,19,-1.47894736842105,0.368421052631579,2,0,1,0,8,0,0.375,0,1,0,0,14,-0.514285714285714,0.285714285714286,-1,0,2,0,8,0.1875,0.5,0,0,1,0,9,-1.05555555555556,0.333333333333333,0,0,0,1,0.25,0,2,2,5,0,0.393162393162393,-0.331623931623932,3,0,3,3,0,0.339285714285714,-0.31875,1,2,8,0,0
11,-0.290909090909091,0.454545454545455,-1,0,0,1,17,-0.647058823529412,0.294117647058824,-2,0,0,0,10,-0.81,0.4,2,0,0,0,13,-0.830769230769231,0.307692307692308,-3,0,1,0,8,-0.3125,0.5,-1,0,0,0,9,-1.86666666666667,0.111111111111111,-2,0,0,0,0.1,0,1,0,5,0,0.393162393162393,-0.252991452991453,-1,0,1,1,0,0.324324324324324,-0.445045045045045,-4,1,6,0,0
11,-0.681818181818182,0.545454545454545,-1,0,0,0,17,-1.25294117647059,0.294117647058824,1,0,0,0,9,0.866666666666667,0.666666666666667,0,0,0,0,14,-0.492857142857143,0.428571428571429,0,0,0,0,8,-0.8625,0.375,0,0,0,0,9,0.122222222222222,0.444444444444444,0,0,0,0,0.222222222222222,0,0,0,6,0,0.396551724137931,-0.36551724137931,2,0,0,2,0,0.357142857142857,-0.296428571428571,2,0,8,0,0
11,-0.109090909090909,0.363636363636364,0,0,0,1,17,-0.7,0.235294117647059,0,0,0,0,9,-0.266666666666667,0.444444444444444,0,0,0,0,15,-0.34,0.466666666666667,1,0,0,0,8,-0.7375,0.5,2,0,0,1,9,-1.13333333333333,0.444444444444444,0,0,0,0,0.111111111111111,0,2,0,5,0,0.387931034482759,-0.196551724137931,0,0,0,3,0,0.36283185840708,-0.329203539823009,5,2,8,0,0
11,0.090909090909091,0.454545454545455,0,0,0,2,17,-1.28235294117647,0.352941176470588,0,0,2,0,14,0.285714285714286,0.5,-1,0,0,1,9,0.022222222222222,0.444444444444444,0,0,0,1,8,0.025,0.5,0,0,0,0,9,-2.3,0.222222222222222,0,0,1,0,0.214285714285714,0,3,2,7,0,0.421487603305785,-0.199173553719008,0,0,1,3,0,0.336448598130841,-0.465420560747663,1,3,10,0,0
11,0.045454545454545,0.545454545454545,0,0,0,2,17,-0.558823529411765,0.352941176470588,0,0,1,0,22,-0.672727272727273,0.363636363636364,-2,0,0,2,9,-1.12222222222222,0.222222222222222,1,0,0,0,8,-2.5625,0.125,1,0,1,0,9,0,0.444444444444444,-1,0,1,1,0.136363636363636,0,2,1,9,0,0.418604651162791,-0.177519379844961,2,1,2,2,0,0.349056603773585,-0.304716981132076,2,3,11,0,0
11,0.363636363636364,0.454545454545455,-1,0,0,0,17,0.541176470588235,0.588235294117647,-2,0,0,0,10,-1.52,0.5,-2,0,0,2,14,-0.742857142857143,0.357142857142857,0,1,0,0,8,-0.975,0.375,2,0,0,0,9,-0.411111111111111,0.333333333333333,0,0,0,1,0.2,0,2,0,6,0,0.444444444444444,-0.100854700854701,-4,1,0,3,0,0.330357142857143,-0.413392857142857,4,3,9,0,0
11,-0.518181818181818,0.363636363636364,-1,0,0,0,17,-1.09411764705882,0.294117647058824,1,0,1,1,14,-1.76428571428571,0.5,-3,1,0,0,9,-0.955555555555556,0.333333333333333,-1,0,0,0,8,-1.1,0.375,1,0,0,0,9,-1.22222222222222,0.222222222222222,0,0,0,1,0.428571428571429,0,1,2,5,0,0.363636363636364,-0.625619834710744,-1,0,1,3,0,0.327102803738318,-0.432710280373832,-1,1,8,0,0
11,0.472727272727273,0.363636363636364,0,0,0,1,17,-0.358823529411765,0.294117647058824,0,0,1,0,9,-0.644444444444444,0.555555555555556,0,0,0,0,10,0.51,0.4,0,0,0,0,8,-0.725,0.5,1,0,0,0,9,-1.33333333333333,0.111111111111111,1,0,0,0,0.444444444444444,0,2,1,5,0,0.387931034482759,-0.168103448275862,1,0,0,1,0,0.342592592592593,-0.303703703703704,2,2,6,0,0
11,-0.145454545454546,0.363636363636364,0,0,0,1,17,-0.135294117647059,0.411764705882353,0,0,1,0,9,0.322222222222222,0.555555555555556,-1,0,0,0,9,-0.522222222222222,0.333333333333333,-1,0,0,1,8,-0.9625,0.375,-2,0,0,0,9,-0.933333333333333,0.333333333333333,1,0,0,0,0.111111111111111,0,3,1,6,0,0.413793103448276,-0.113793103448276,2,0,0,3,0,0.364485981308411,-0.226168224299065,1,3,9,0,0
11,-0.945454545454545,0.363636363636364,-1,0,0,1,17,-0.917647058823529,0.411764705882353,0,0,0,1,16,-0.79375,0.5625,0,0,0,1,9,-0.955555555555556,0.333333333333333,-1,0,0,0,8,-0.125,0.375,0,0,0,0,9,-0.977777777777778,0.333333333333333,0,0,0,1,0.4375,0,1,0,7,0,0.422764227642277,-0.330081300813008,-1,0,0,2,0,0.336448598130841,-0.319626168224299,0,1,9,0,0
11,-1.03636363636364,0.454545454545455,-1,0,0,1,16,-1.45,0.125,1,1,0,0,14,-1.01428571428571,0.5,-3,0,0,1,9,0.233333333333333,0.444444444444444,0,0,0,0,8,-1.3375,0.375,0,0,0,0,9,-1.68888888888889,0.222222222222222,1,0,0,1,0.428571428571429,0,1,0,6,0,0.383333333333333,-0.405833333333333,0,0,0,2,0,0.364485981308411,-0.305607476635514,0,1,8,0,0
11,0.045454545454546,0.272727272727273,0,1,0,0,16,-0.5625,0.375,-1,2,0,1,10,-1.25,0.6,-1,0,0,0,9,0.277777777777778,0.444444444444444,-1,0,0,0,8,-0.575,0.375,0,1,0,0,9,-1.77777777777778,0.222222222222222,1,0,0,0,0.5,0,4,0,5,0,0.396551724137931,-0.210344827586207,-1,1,0,2,0,0.355140186915888,-0.31588785046729,1,5,7,0,0
11,0.136363636363636,0.454545454545455,0,0,0,1,16,-0.875,0.375,1,0,0,0,14,-0.778571428571429,0.5,-1,0,0,1,9,-0.344444444444444,0.333333333333333,-1,0,1,0,8,-0.6,0.375,1,0,0,0,10,-0.76,0.4,0,0,0,1,0.428571428571429,0,1,0,5,0,0.391666666666667,-0.221666666666667,1,0,1,3,0,0.37037037037037,-0.250925925925926,2,1,8,0,0
13,-0.376923076923077,0.307692307692308,0,0,0,1,16,-1.05625,0.3125,2,0,0,0,14,-1.18571428571429,0.357142857142857,1,1,0,1,10,0.66,0.5,0,0,0,0,8,-0.3125,0.375,1,0,0,0,9,-0.466666666666667,0.333333333333333,0,0,0,0,0.142857142857143,0,1,1,5,0,0.360655737704918,-0.304098360655738,4,0,0,1,0,0.37037037037037,-0.15462962962963,0,1,6,0,0
11,-0.681818181818182,0.272727272727273,-1,0,0,0,17,-1.81176470588235,0.294117647058824,0,0,1,0,13,0.084615384615385,0.615384615384615,0,0,0,1,9,1.05555555555556,0.666666666666667,0,0,0,0,8,-1.2875,0.375,1,0,0,1,9,-1.15555555555556,0.333333333333333,0,0,0,0,0.307692307692308,0,0,1,6,0,0.383333333333333,-0.4375,1,0,0,3,0,0.364485981308411,-0.27196261682243,3,0,9,0,0
11,-0.727272727272727,0.363636363636364,0,0,0,1,17,-1.15294117647059,0.294117647058824,1,1,0,0,14,-0.7,0.5,0,0,0,1,8,0.125,0.375,0,0,0,0,8,0.0375,0.5,0,0,0,0,9,-1.86666666666667,0.111111111111111,0,0,0,1,0.357142857142857,0,1,1,7,0,0.388429752066116,-0.412396694214876,3,0,0,4,0,0.349056603773585,-0.263207547169811,3,1,11,0,0
11,0.490909090909091,0.454545454545455,0,0,0,1,16,-0.28125,0.4375,0,0,1,0,12,-0.033333333333333,0.583333333333333,0,0,0,1,9,-0.222222222222222,0.222222222222222,0,0,0,0,8,-0.6875,0.375,1,0,0,0,9,-1.61111111111111,0.111111111111111,1,0,0,0,0.25,0,3,1,6,0,0.423728813559322,-0.11864406779661,3,0,0,1,0,0.317757009345794,-0.389719626168224,2,3,7,0,0
11,-0.972727272727273,0.363636363636364,-1,0,0,1,17,-1.26470588235294,0.235294117647059,1,1,0,0,16,-0.63125,0.5625,-4,0,0,1,9,-0.955555555555556,0.333333333333333,-1,0,0,0,8,-0.225,0.5,1,0,0,0,9,-1.26666666666667,0.222222222222222,-1,0,0,0,0.3125,0,1,0,8,0,0.373983739837398,-0.536585365853659,-3,0,0,2,0,0.336448598130841,-0.378504672897196,1,1,10,0,0
11,-0.009090909090909,0.454545454545455,-1,0,0,0,17,-1.39411764705882,0.294117647058824,0,0,0,0,10,0.11,0.6,-2,0,0,1,13,-0.669230769230769,0.307692307692308,0,0,0,1,8,-0.6375,0.375,-1,0,0,0,9,-1.23333333333333,0.222222222222222,1,0,0,1,0.4,0,1,0,5,0,0.41025641025641,-0.257264957264957,-1,0,0,4,0,0.324324324324324,-0.417117117117117,2,1,9,0,0
11,-0.718181818181818,0.363636363636364,0,0,0,1,17,-0.988235294117647,0.352941176470588,-2,0,0,1,11,-0.990909090909091,0.272727272727273,-1,0,1,0,9,-0.033333333333333,0.333333333333333,-1,0,0,0,8,-1.45,0.5,1,0,0,0,9,-1.83333333333333,0.222222222222222,-1,0,0,1,0.090909090909091,0,0,1,8,0,0.364406779661017,-0.464406779661017,-1,0,0,3,0,0.364485981308411,-0.353271028037383,0,0,11,0,0
11,0.345454545454545,0.454545454545455,0,0,0,1,17,-1.42352941176471,0.294117647058824,-2,0,3,0,10,0.61,0.5,1,0,0,0,14,-0.021428571428571,0.428571428571429,1,0,0,0,8,0.5875,0.5,-1,0,1,0,9,-0.744444444444444,0.222222222222222,0,0,0,0,0.2,0,2,3,5,0,0.41025641025641,-0.124786324786325,0,0,1,2,0,0.339285714285714,-0.20625,3,2,7,0,0
11,-0.745454545454546,0.454545454545455,-1,0,0,1,17,-0.388235294117647,0.352941176470588,1,1,1,1,9,-0.833333333333333,0.333333333333333,0,0,1,0,9,0.322222222222222,0.444444444444444,0,0,0,1,8,-0.25,0.375,-1,0,0,0,9,-1.14444444444444,0.333333333333333,0,1,0,0,0.111111111111111,0,4,2,7,0,0.396551724137931,-0.29051724137931,0,1,0,3,0,0.345794392523364,-0.292523364485981,1,5,10,0,0
12,-0.941666666666666,0.25,-1,0,0,1,16,-0.1875,0.375,0,0,0,0,12,-0.408333333333334,0.5,1,0,0,1,9,-0.555555555555556,0.222222222222222,-1,0,0,0,8,-0.025,0.5,0,0,0,0,9,-1.34444444444444,0.222222222222222,1,0,0,0,0.083333333333333,0,2,0,6,0,0.369747899159664,-0.327731092436975,-2,0,1,2,0,0.336448598130841,-0.300934579439252,-5,2,8,0,0
11,-0.4,0.454545454545455,0,0,0,2,17,-0.735294117647059,0.352941176470588,0,0,1,0,20,-0.375,0.65,-3,0,0,1,10,0.1,0.4,0,0,0,0,8,-0.6125,0.375,1,0,0,0,9,-1.12222222222222,0.111111111111111,0,0,0,0,0.4,0,3,1,7,0,0.448818897637795,-0.238582677165354,-1,0,0,1,0,0.333333333333333,-0.325,1,3,8,0,1
11,-0.490909090909091,0.454545454545455,0,0,0,1,17,-1.10588235294118,0.294117647058824,0,0,1,1,19,-0.457894736842105,0.368421052631579,-1,1,0,0,9,0.266666666666667,0.555555555555556,0,0,0,1,8,-0.275,0.375,0,0,0,0,9,0.011111111111111,0.444444444444444,0,0,0,0,0.210526315789474,0,1,1,8,0,0.380952380952381,-0.423809523809524,2,0,0,3,0,0.364485981308411,-0.164485981308411,1,1,11,0,0
11,0.572727272727273,0.545454545454545,0,0,0,1,17,-0.070588235294118,0.352941176470588,0,0,1,1,12,-0.016666666666667,0.5,1,0,0,1,12,5.55111512312578E-17,0.333333333333333,-1,0,0,0,8,-1.475,0.25,0,0,0,0,11,1.47272727272727,0.545454545454545,0,0,0,0,0.166666666666667,0,2,1,7,0,0.411764705882353,-0.066386554621849,2,0,0,1,0,0.333333333333333,-0.124324324324324,0,2,8,0,1
11,-0.245454545454546,0.363636363636364,1,0,0,1,17,-0.894117647058824,0.352941176470588,-1,0,2,0,10,-0.96,0.5,-1,0,0,0,12,-0.383333333333333,0.25,-3,0,0,0,8,-1.8125,0.25,0,0,0,0,11,-0.236363636363636,0.454545454545455,-1,0,0,0,0.3,0,2,2,5,0,0.393162393162393,-0.341025641025641,1,0,0,2,0,0.333333333333333,-0.316216216216216,-4,2,7,0,0
11,-0.027272727272727,0.363636363636364,0,0,0,0,17,-0.817647058823529,0.411764705882353,1,1,0,1,9,-0.155555555555556,0.555555555555556,0,0,0,0,10,0.11,0.4,0,0,0,0,8,-0.6125,0.375,1,0,0,0,9,-1.9,0.111111111111111,1,0,0,0,0.111111111111111,0,1,0,6,0,0.396551724137931,-0.283620689655172,3,0,0,1,0,0.333333333333333,-0.37962962962963,2,1,7,0,0
11,0.709090909090909,0.454545454545455,0,0,0,1,17,-0.558823529411765,0.294117647058824,-2,0,0,0,12,-0.2,0.666666666666667,0,0,0,1,8,0.0375,0.5,0,0,0,1,8,-0.625,0.375,-1,0,0,0,9,-1.55555555555556,0.333333333333333,0,0,0,1,0.333333333333333,0,1,0,7,0,0.403361344537815,-0.277310924369748,0,0,0,6,0,0.386792452830189,-0.197169811320755,1,1,13,0,0
11,0.327272727272727,0.636363636363636,-1,0,0,0,17,-0.958823529411765,0.235294117647059,1,0,0,0,9,-1.18888888888889,0.555555555555556,0,0,0,2,14,-0.628571428571429,0.357142857142857,1,1,0,0,8,-0.425,0.5,1,0,0,1,9,-1.04444444444444,0.444444444444444,-1,0,0,1,0.333333333333333,0,0,0,6,0,0.396551724137931,-0.320689655172414,2,1,0,4,0,0.366071428571429,-0.2375,1,1,10,0,0
11,0.281818181818182,0.363636363636364,0,0,0,0,17,0.3,0.529411764705882,0,0,0,1,13,-1,0.307692307692308,-1,0,0,0,9,0.322222222222222,0.444444444444444,0,0,0,1,8,0.0875,0.375,0,0,0,0,9,-0.844444444444444,0.333333333333333,0,0,0,0,0.153846153846154,0,0,0,6,0,0.4,-0.130833333333333,-1,0,0,3,0,0.345794392523364,-0.208411214953271,2,0,9,0,0
11,0.636363636363636,0.454545454545455,0,0,0,1,17,-0.558823529411765,0.294117647058824,0,0,0,1,12,0.025,0.666666666666667,0,0,0,1,8,0.7,0.625,0,0,0,1,8,-0.3,0.5,-1,0,0,1,9,-0.955555555555556,0.444444444444444,0,0,0,2,0.25,0,3,0,7,0,0.420168067226891,-0.117647058823529,1,0,0,5,0,0.405660377358491,-0.070754716981132,-2,3,12,0,0
11,-0.236363636363636,0.363636363636364,1,0,0,1,17,-0.764705882352941,0.294117647058824,0,2,0,0,5,-0.84,0.4,-1,0,0,0,14,-0.371428571428571,0.428571428571429,-1,1,1,0,8,-0.975,0.375,2,0,0,0,9,-0.888888888888889,0.222222222222222,0,0,0,1,0.2,0,4,0,4,1,0.392857142857143,-0.199107142857143,1,1,1,3,0,0.357142857142857,-0.222321428571429,2,5,7,0,0
11,-0.481818181818182,0.454545454545455,0,0,0,2,17,-1.22352941176471,0.235294117647059,0,0,0,0,10,-0.85,0.3,1,0,0,1,15,-0.713333333333333,0.266666666666667,0,0,1,0,8,-1.3375,0.375,0,0,0,1,9,-1.94444444444444,0.333333333333333,-1,0,0,0,0.2,0,0,0,8,0,0.341880341880342,-0.512820512820513,1,0,1,2,0,0.336283185840708,-0.497345132743363,-1,0,10,0,0
11,0.090909090909091,0.454545454545455,0,0,0,1,17,-0.382352941176471,0.294117647058824,0,0,1,0,11,0.036363636363636,0.636363636363636,0,0,0,1,10,-0.13,0.3,0,0,0,0,8,-0.2875,0.375,0,0,0,0,10,-0.94,0.4,1,0,0,0,0.272727272727273,0,2,1,6,0,0.415254237288136,-0.133050847457627,2,0,0,3,0,0.348623853211009,-0.337614678899083,3,2,9,0,0
11,-0.509090909090909,0.454545454545455,0,0,0,1,16,-1.25,0.1875,0,0,0,0,17,-0.541176470588235,0.647058823529412,-1,0,0,0,9,-0.211111111111111,0.444444444444444,1,0,0,0,8,-1.3375,0.375,0,0,0,0,9,-2.61111111111111,0.111111111111111,2,0,0,1,0.470588235294118,0,0,0,5,1,0.414634146341463,-0.243089430894309,1,0,1,2,0,0.345794392523364,-0.454205607476635,3,0,7,0,0
11,0.381818181818182,0.454545454545455,-1,0,0,0,16,-0.3375,0.375,-1,1,1,1,15,-0.753333333333333,0.6,0,0,0,1,9,-0.9,0.222222222222222,0,0,0,0,8,-1.225,0.375,1,0,0,0,9,-1.57777777777778,0.222222222222222,-1,0,0,0,0.466666666666667,0,1,1,5,0,0.396694214876033,-0.174380165289256,0,0,0,2,0,0.317757009345794,-0.500934579439252,2,1,7,0,0
11,0.181818181818182,0.272727272727273,0,0,0,1,17,-0.1,0.411764705882353,0,0,1,0,8,0.1375,0.5,1,0,0,0,10,-0.54,0.4,1,0,0,0,8,-0.6125,0.375,1,0,0,0,9,-0.844444444444444,0.333333333333333,0,0,0,0,0.25,0,2,1,5,0,0.391304347826087,-0.095652173913044,2,0,0,1,0,0.37037037037037,-0.250925925925926,2,2,6,0,0
11,-0.709090909090909,0.363636363636364,0,0,0,1,16,-0.64375,0.375,1,1,0,0,15,-1.50666666666667,0.466666666666667,-1,0,1,1,9,-0.955555555555556,0.333333333333333,-1,0,0,0,8,-1.025,0.375,1,0,0,0,9,-0.644444444444445,0.333333333333333,0,0,0,1,0.266666666666667,0,2,1,4,0,0.363636363636364,-0.556198347107438,2,0,0,3,0,0.336448598130841,-0.453271028037383,2,2,7,0,0
11,0.236363636363636,0.545454545454545,0,0,0,1,17,-0.894117647058824,0.411764705882353,2,1,0,1,11,-0.854545454545455,0.363636363636364,-2,0,0,0,13,-0.430769230769231,0.384615384615385,-2,1,1,0,8,-1.7875,0.25,1,0,0,0,9,-1.91111111111111,0.111111111111111,-1,0,0,0,0.181818181818182,0,1,0,8,0,0.406779661016949,-0.33728813559322,3,1,2,2,0,0.333333333333333,-0.445045045045045,-3,2,10,0,0
11,-0.809090909090909,0.363636363636364,1,0,0,1,17,-1.67647058823529,0.294117647058824,2,0,0,0,12,-1.275,0.5,-2,0,0,0,8,-0.2375,0.375,0,0,0,1,8,-0.675,0.375,0,0,0,0,9,-1.38888888888889,0.222222222222222,0,0,0,1,0.333333333333333,0,1,1,5,0,0.352941176470588,-0.660504201680672,5,0,0,5,0,0.320754716981132,-0.455660377358491,1,1,10,1,0
11,-0.081818181818182,0.363636363636364,0,0,0,1,17,-0.064705882352941,0.470588235294118,-1,0,2,1,11,-0.909090909090909,0.454545454545455,1,0,0,0,9,0.2,0.444444444444444,0,0,0,0,8,-1.3875,0.375,1,0,0,0,10,-2.19,0.2,2,0,0,2,0.181818181818182,0,2,2,6,0,0.406779661016949,-0.252542372881356,3,0,0,3,0,0.351851851851852,-0.42037037037037,3,2,9,0,0
11,-0.409090909090909,0.363636363636364,1,0,0,1,17,-0.747058823529412,0.411764705882353,0,0,2,1,15,-0.233333333333333,0.533333333333333,-2,0,0,1,9,-0.9,0.222222222222222,1,0,0,0,8,-2.4375,0.125,-2,0,1,0,11,-0.4,0.363636363636364,-2,0,1,1,0.133333333333333,0,2,2,9,0,0.40983606557377,-0.331967213114754,2,1,2,3,0,0.333333333333333,-0.409259259259259,-3,3,12,0,0
11,0.554545454545455,0.454545454545455,0,0,0,1,17,-0.588235294117647,0.294117647058824,0,0,1,0,12,-0.975,0.333333333333333,0,0,1,1,9,0.344444444444444,0.444444444444444,-1,0,0,0,8,-1.2875,0.375,1,0,0,1,8,-2.05,0.25,1,0,0,0,0.083333333333333,0,2,2,6,0,0.394957983193277,-0.191596638655462,1,0,0,3,0,0.339622641509434,-0.422641509433962,3,2,9,0,0
11,0.690909090909091,0.636363636363636,0,0,0,2,17,-0.764705882352941,0.352941176470588,-2,0,0,0,9,-0.111111111111111,0.444444444444444,1,0,0,0,9,-0.122222222222222,0.555555555555556,-1,0,0,0,8,-0.6875,0.5,0,1,0,0,9,-0.733333333333334,0.333333333333333,0,0,0,0,0.222222222222222,0,0,0,8,0,0.405172413793103,-0.220689655172414,1,1,0,2,0,0.355140186915888,-0.350467289719626,1,1,10,0,0
11,0.218181818181818,0.363636363636364,0,0,0,0,16,-0.4875,0.375,0,0,1,0,12,-0.366666666666667,0.666666666666667,0,0,0,1,9,-0.3,0.333333333333333,-2,0,0,0,8,-0.725,0.5,1,0,0,0,9,-1.26666666666667,0.333333333333333,0,0,0,0,0.333333333333333,0,0,1,4,0,0.38135593220339,-0.182203389830508,2,0,1,2,0,0.373831775700935,-0.338317757009346,-2,0,6,0,0
11,0.090909090909091,0.454545454545455,0,0,0,1,17,-0.7,0.294117647058824,-1,0,1,0,11,-0.863636363636364,0.454545454545455,0,0,1,1,9,-0.077777777777778,0.333333333333333,1,0,0,0,8,0.025,0.5,0,0,0,0,9,-1.94444444444444,0.333333333333333,0,1,0,0,0.272727272727273,0,2,2,6,0,0.389830508474576,-0.28135593220339,0,1,0,2,0,0.336448598130841,-0.477570093457944,2,3,8,0,0
12,-0.575,0.333333333333333,-1,0,0,1,16,-0.31875,0.375,1,0,0,0,12,-0.408333333333334,0.5,1,0,0,1,9,-0.655555555555555,0.333333333333333,-1,0,0,0,8,-1.1,0.375,1,0,0,0,9,-1.26666666666667,0.222222222222222,0,0,0,0,0.083333333333333,0,0,0,6,0,0.378151260504202,-0.221008403361344,4,0,0,2,0,0.327102803738318,-0.441121495327103,2,0,8,0,0
11,-0.972727272727273,0.363636363636364,-2,0,0,1,17,-0.776470588235294,0.294117647058824,0,0,0,0,18,-0.011111111111111,0.555555555555556,-1,0,0,1,14,-0.678571428571429,0.285714285714286,-1,1,0,0,8,-0.975,0.375,2,0,0,0,9,0.066666666666667,0.333333333333333,0,0,0,0,0.277777777777778,0,0,0,6,0,0.392,-0.312,-1,1,0,2,0,0.348214285714286,-0.215178571428571,1,1,8,0,0
11,-0.436363636363637,0.454545454545455,-1,0,0,1,17,0.2,0.470588235294118,0,0,1,0,13,-0.407692307692308,0.461538461538462,1,0,0,1,9,-0.877777777777778,0.333333333333333,1,0,0,0,8,0.8,0.5,0,0,0,0,10,-1.27,0.2,0,0,0,0,0,0,3,1,6,0,0.416666666666667,-0.176666666666667,3,0,0,3,0,0.324074074074074,-0.399074074074074,3,3,9,0,0
11,-0.3,0.363636363636364,0,0,0,0,17,-1.19411764705882,0.294117647058824,-2,1,0,1,15,-0.533333333333333,0.466666666666667,0,0,1,2,9,0.577777777777778,0.444444444444444,1,0,0,0,8,-2.3875,0.125,-2,0,1,0,11,-0.209090909090909,0.363636363636364,-2,0,0,1,0.266666666666667,0,1,1,9,0,0.377049180327869,-0.424590163934426,1,1,1,2,0,0.351851851851852,-0.216666666666667,-2,2,11,0,0
11,-0.5,0.363636363636364,0,0,0,0,17,-1.05294117647059,0.352941176470588,2,1,1,0,13,-0.807692307692308,0.461538461538462,-1,0,1,2,9,2.46716227694479E-17,0.444444444444444,-1,0,0,0,8,0.425,0.625,0,0,0,0,9,-1.86666666666667,0.111111111111111,0,0,0,0,0.307692307692308,0,2,2,6,0,0.408333333333333,-0.305,1,0,0,2,0,0.345794392523364,-0.367289719626168,2,2,8,0,0
11,-0.190909090909091,0.363636363636364,0,0,0,1,19,-0.394736842105263,0.421052631578947,0,0,0,0,15,-0.246666666666667,0.666666666666667,0,0,0,1,13,-0.323076923076923,0.384615384615385,1,0,0,0,8,0.9375,0.625,-1,0,0,0,9,-1.65555555555556,0.222222222222222,0,0,0,1,0.4,0,1,1,6,0,0.411290322580645,-0.282258064516129,0,0,1,3,0,0.378378378378378,-0.225225225225225,-1,1,9,1,0
11,-0.081818181818182,0.363636363636364,0,0,0,1,17,-0.635294117647059,0.470588235294118,0,0,2,1,18,-0.672222222222223,0.555555555555556,0,0,0,1,9,-0.655555555555555,0.333333333333333,-1,1,0,0,8,0.025,0.5,0,0,0,0,9,-1.17777777777778,0.333333333333333,0,0,0,0,0.277777777777778,0,2,2,7,0,0.424,-0.3344,3,1,0,2,0,0.345794392523364,-0.338317757009346,1,3,9,0,0
11,-0.727272727272727,0.363636363636364,0,0,0,1,17,-1.28235294117647,0.235294117647059,1,1,0,0,11,-1.33636363636364,0.636363636363636,-1,0,0,1,8,-0.2,0.375,0,0,0,1,8,0.0375,0.5,0,0,0,0,9,-1.46666666666667,0.222222222222222,0,0,0,1,0.363636363636364,0,1,1,7,0,0.38135593220339,-0.495762711864407,3,0,0,5,0,0.358490566037736,-0.330188679245283,3,1,12,0,0
11,-0.509090909090909,0.454545454545455,0,0,0,1,16,-0.75,0.3125,-2,0,0,0,15,-1.15333333333333,0.466666666666667,-2,0,0,1,9,0.2,0.444444444444444,0,0,0,0,8,-1.3375,0.375,0,0,0,0,11,-1.36363636363636,0.272727272727273,1,0,0,1,0.333333333333333,0,0,0,6,0,0.40495867768595,-0.275206611570248,-2,0,0,2,0,0.36697247706422,-0.272477064220183,1,0,8,0,0
11,-0.063636363636364,0.454545454545455,0,0,0,1,17,-0.305882352941177,0.352941176470588,-1,0,1,1,12,-1.4,0.333333333333333,2,0,0,0,9,0.322222222222222,0.444444444444444,0,0,0,1,8,0.025,0.5,0,0,0,0,9,-1.35555555555556,0.444444444444444,0,0,0,0,0.25,0,1,1,9,0,0.386554621848739,-0.315126050420168,3,0,0,3,0,0.355140186915888,-0.364485981308411,1,1,12,0,0
11,-0.045454545454546,0.454545454545455,0,0,0,1,17,-1.06470588235294,0.294117647058824,0,0,1,0,9,-0.255555555555556,0.555555555555556,0,0,0,0,9,-1.4,0.333333333333333,-2,0,0,0,8,-2.825,0.125,1,0,0,0,11,0.918181818181818,0.545454545454545,0,0,0,0,0.333333333333333,0,0,1,8,1,0.396551724137931,-0.311206896551724,2,1,0,2,0,0.333333333333333,-0.37037037037037,-3,1,10,0,0
11,-0.763636363636364,0.363636363636364,-1,0,0,0,17,-1.20588235294118,0.352941176470588,1,0,1,1,10,-0.88,0.5,-3,0,0,1,9,-0.655555555555556,0.333333333333333,-1,1,0,0,8,-0.9375,0.5,1,0,0,0,9,-0.411111111111111,0.444444444444444,-2,0,0,0,0.2,0,0,1,6,0,0.384615384615385,-0.48034188034188,-1,1,1,2,0,0.345794392523364,-0.423364485981309,0,1,8,0,0
11,-0.363636363636364,0.363636363636364,-1,0,0,1,17,-0.635294117647059,0.470588235294118,0,0,2,1,12,-0.691666666666667,0.416666666666667,0,0,0,1,9,-0.088888888888889,0.444444444444444,1,0,0,1,8,0.025,0.5,0,0,0,0,9,-2.28888888888889,0.222222222222222,1,0,0,0,0.333333333333333,0,2,2,7,0,0.411764705882353,-0.307563025210084,2,0,0,3,0,0.336448598130841,-0.473831775700935,3,2,10,0,0
11,-8.07434927000114E-17,0.363636363636364,0,0,0,0,16,0.275,0.5625,1,1,0,2,13,-0.6,0.615384615384615,-1,0,1,1,8,-0.55,0.375,0,0,0,0,8,-0.675,0.375,0,0,0,0,9,-1.25555555555556,0.222222222222222,0,0,0,1,0.230769230769231,0,2,1,6,0,0.411764705882353,-0.121848739495798,2,0,0,3,0,0.349056603773585,-0.40377358490566,-1,2,9,0,0
11,-0.490909090909091,0.454545454545455,0,0,0,2,17,-1.8,0.176470588235294,-1,0,0,0,14,-0.921428571428572,0.5,-2,0,1,1,14,-0.6,0.357142857142857,1,0,0,0,8,-0.5,0.375,1,0,0,0,9,-1.23333333333333,0.222222222222222,0,0,0,0,0.285714285714286,0,0,1,7,0,0.388429752066116,-0.44297520661157,-1,0,0,2,0,0.339285714285714,-0.320535714285714,1,0,9,0,0
11,-0.727272727272727,0.363636363636364,0,0,0,1,17,-0.835294117647059,0.352941176470588,1,0,0,1,14,-0.7,0.5,-1,0,0,1,8,0.125,0.375,0,0,0,0,8,0.0375,0.5,0,0,0,0,9,-1.86666666666667,0.111111111111111,0,0,0,1,0.357142857142857,0,0,0,7,0,0.371900826446281,-0.523966942148761,0,0,0,4,0,0.330188679245283,-0.374528301886792,2,0,11,0,0
11,-4.03717463500057E-17,0.454545454545455,0,0,0,1,17,-1.68235294117647,0.294117647058824,2,0,0,0,13,-0.746153846153846,0.615384615384615,-1,0,1,0,8,-0.2375,0.375,0,0,0,1,8,-0.675,0.375,0,0,0,0,9,-1.87777777777778,0.111111111111111,0,0,0,1,0.384615384615385,0,0,1,6,0,0.416666666666667,-0.4325,3,0,0,4,0,0.311320754716981,-0.44811320754717,2,0,10,0,0
11,0.1,0.454545454545455,0,0,0,2,17,-0.2,0.411764705882353,0,0,1,0,10,-1.1,0.4,0,0,1,1,11,-0.318181818181818,0.181818181818182,0,1,0,0,8,-2.4875,0.125,1,1,0,0,11,-1.27272727272727,0.454545454545455,0,0,0,1,0.2,0,2,2,6,0,0.401709401709402,-0.179487179487179,1,2,0,2,0,0.327272727272727,-0.357272727272727,0,4,8,0,0
11,-0.072727272727273,0.363636363636364,0,0,0,1,17,-0.764705882352941,0.411764705882353,-1,0,2,1,18,-0.344444444444444,0.5,0,0,1,2,9,0.544444444444444,0.444444444444444,-1,0,0,0,8,-0.6375,0.375,-2,0,0,0,9,-0.922222222222222,0.333333333333333,0,1,0,0,0.166666666666667,0,2,3,8,0,0.416,-0.268,2,1,0,1,0,0.355140186915888,-0.21588785046729,-1,3,9,0,0
11,-0.509090909090909,0.454545454545455,0,0,0,1,16,-1.25,0.1875,0,0,0,0,9,-0.077777777777778,0.555555555555556,0,0,0,1,9,-0.022222222222222,0.444444444444444,-1,0,0,1,8,0.025,0.5,0,0,0,0,9,-1.14444444444444,0.333333333333333,0,1,0,0,0.222222222222222,0,0,0,6,1,0.391304347826087,-0.186086956521739,2,1,0,3,0,0.355140186915888,-0.297196261682243,1,1,9,0,0
11,-0.281818181818182,0.454545454545455,0,0,0,1,17,-1.72352941176471,0.294117647058824,0,0,1,0,11,-1.64545454545455,0.272727272727273,1,1,0,1,15,-0.986666666666667,0.266666666666667,1,1,0,0,8,-1.3375,0.375,0,0,0,1,9,-1.48888888888889,0.333333333333333,-1,0,0,0,0.272727272727273,0,1,2,6,0,0.347457627118644,-0.642372881355932,3,1,0,4,0,0.336283185840708,-0.446902654867257,0,2,10,0,0
