antibody_name,y_true,fold,prot_t5_model_abserr,prot_t5_model_pred,prot_t5_model_high_err,esmc_model_abserr,esmc_model_pred,esmc_model_high_err,protbert_model_abserr,protbert_model_pred,protbert_model_high_err,ankh_model_abserr,ankh_model_pred,ankh_model_high_err,prost_t5_model_abserr,prost_t5_model_pred,prost_t5_model_high_err,n_models_high_err
zolbetuximab,375.2,4,139.58509920631778,235.6149007936822,1.0,163.8109490140898,211.3890509859102,1.0,169.5427358977392,205.6572641022608,1.0,163.57999422307898,211.620005776921,1.0,170.02749239393728,205.1725076060627,1.0,5.0
galiximab,179.14,4,136.79706805944141,315.9370680594414,1.0,174.07107003136605,353.21107003136603,1.0,174.9798063306148,354.1198063306148,1.0,159.0079621135855,338.1479621135855,1.0,174.3259151719118,353.4659151719118,1.0,5.0
ocrelizumab,420.17,0,141.15921081032775,279.01078918967227,1.0,165.1739792949596,254.99602070504042,1.0,174.72143490972837,245.44856509027164,1.0,147.27637734295098,272.89362265704904,1.0,175.51437851984875,244.65562148015127,1.0,5.0
dalotuzumab,464.78,3,264.4301946689842,200.3498053310158,1.0,259.358406555318,205.42159344468195,1.0,262.20022279127465,202.57977720872532,1.0,266.27102925782333,198.50897074217664,1.0,305.8413245314712,158.93867546852877,1.0,5.0
motavizumab,383.43,3,132.545303738613,250.884696261387,1.0,164.5041562764643,218.9258437235357,1.0,179.30864141056304,204.12135858943697,1.0,192.47388427107813,190.95611572892187,1.0,175.5716002983458,207.8583997016542,1.0,5.0
mitazalimab,678.57,4,267.05915222896124,411.5108477710388,1.0,244.56853214269063,434.0014678573094,1.0,249.43657040728272,429.13342959271733,1.0,267.2695869410627,411.30041305893735,1.0,268.4108620348695,410.1591379651305,1.0,5.0
lexatumumab,52.18,4,306.1232417410844,358.30324174108443,1.0,359.5184024491812,411.69840244918123,1.0,319.19029002464305,371.37029002464305,1.0,316.0001657887106,368.1801657887106,1.0,306.54809472278527,358.7280947227853,1.0,5.0
lebrikizumab,57.13,2,192.33623335677748,249.46623335677748,1.0,169.37661383223607,226.50661383223607,1.0,153.36330100087864,210.49330100087863,1.0,190.31203702512744,247.44203702512743,1.0,157.70721489648176,214.83721489648175,1.0,5.0
inotuzumab,637.93,0,390.47171760053305,247.4582823994669,1.0,385.99631007924336,251.9336899207566,1.0,399.5907949689055,238.33920503109442,1.0,438.6457806940082,199.28421930599174,1.0,387.38786896089584,250.5421310391041,1.0,5.0
cabiralizumab,57.13,3,204.86405384749594,261.99405384749593,1.0,176.2182235256911,233.34822352569108,1.0,177.40328847644025,234.53328847644025,1.0,185.2449096703267,242.3749096703267,1.0,172.1797781614095,229.3097781614095,1.0,5.0
icrucumab,46.59,2,199.9506146151858,246.5406146151858,1.0,191.300022013897,237.890022013897,1.0,165.07109999233955,211.66109999233956,1.0,193.73960622086054,240.32960622086054,1.0,144.30943141726456,190.89943141726457,1.0,5.0
cemiplimab,72.14,1,216.23429256190246,288.37429256190245,1.0,208.79366070668567,280.93366070668566,1.0,203.14555172671032,275.2855517267103,1.0,178.72964350332353,250.86964350332352,1.0,195.85285697044873,267.9928569704487,1.0,5.0
olokizumab,516.74,1,275.4367701061169,241.30322989388313,1.0,305.89164066271536,210.84835933728465,1.0,285.89824836512173,230.84175163487828,1.0,281.0670422826805,235.67295771731946,1.0,237.48398654272825,279.25601345727176,1.0,5.0
cetrelimab,69.28,3,139.1441306326015,208.4241306326015,1.0,193.97874268018242,263.2587426801824,1.0,194.818297639564,264.098297639564,1.0,146.5024678529945,215.7824678529945,1.0,144.60967029061524,213.88967029061524,1.0,5.0
figitumumab,571.63,2,362.74558262114,208.88441737885998,1.0,395.20382745627984,176.42617254372016,1.0,334.5013855122089,237.1286144877911,1.0,327.59903789480586,244.03096210519416,1.0,343.5669263875487,228.06307361245132,1.0,5.0
fezakinumab,251.19,4,116.96231371304475,368.15231371304475,1.0,178.86570023588808,430.0557002358881,1.0,179.1438347253939,430.3338347253939,1.0,143.18223502118752,394.3722350211875,1.0,142.32602533475568,393.5160253347557,1.0,5.0
fasinumab,88.48,0,125.49935419435987,213.97935419435987,1.0,127.38632903971931,215.86632903971932,1.0,137.9019927644821,226.3819927644821,1.0,143.95014434238567,232.43014434238566,1.0,149.0030017942787,237.4830017942787,1.0,5.0
farletuzumab,464.78,1,212.94325559634237,251.8367444036576,1.0,225.06608154987487,239.7139184501251,1.0,192.3213894283341,272.4586105716659,1.0,203.46896539177192,261.31103460822806,1.0,254.98486658867176,209.7951334113282,1.0,5.0
eptinezumab,642.34,0,355.99538875611404,286.344611243886,1.0,391.0497720822641,251.2902279177359,1.0,388.86428750273853,253.4757124972615,1.0,336.30664974323565,306.0333502567644,1.0,328.6509550129871,313.68904498701295,1.0,5.0
epratuzumab,491.08,1,271.2732338200344,219.8067661799656,1.0,261.46833434834014,229.61166565165982,1.0,279.2992327457208,211.78076725427914,1.0,267.75492602847726,223.32507397152276,1.0,224.7230635852735,266.3569364147265,1.0,5.0
emibetuzumab,781.93,0,498.3915866211008,283.5384133788991,1.0,523.9826895102931,257.9473104897069,1.0,524.9120758810457,257.0179241189543,1.0,498.76026599457657,283.1697340054234,1.0,502.14986916467103,279.7801308353289,1.0,5.0
dacetuzumab,34.26,0,254.35222296277703,288.612222962777,1.0,234.97821007440456,269.23821007440455,1.0,200.29285890027305,234.55285890027304,1.0,222.74316607404745,257.00316607404744,1.0,222.93212865521616,257.19212865521615,1.0,5.0
oleclumab,591.12,4,248.38036095506823,342.7396390449318,1.0,239.28087547173425,351.83912452826576,1.0,184.43130413706308,406.6886958629369,1.0,155.52932476911985,435.59067523088015,1.0,183.92156094424615,407.19843905575385,1.0,5.0
nimotuzumab,60.31,1,172.4667786060874,232.7767786060874,1.0,155.45376578101266,215.76376578101267,1.0,193.21053462598985,253.52053462598985,1.0,125.8239941512179,186.1339941512179,1.0,180.86617011507585,241.17617011507585,1.0,5.0
rozanolixizumab,125.49,1,157.84414626404327,283.3341462640433,1.0,123.65540363655352,249.1454036365535,1.0,127.7834459102694,253.2734459102694,1.0,119.43460158614106,244.92460158614105,1.0,180.28997997596417,305.7799799759642,1.0,5.0
romosozumab,393.92,0,167.43032542365006,226.48967457634996,1.0,154.49440092209372,239.4255990779063,1.0,148.7927599852253,245.1272400147747,1.0,157.28921150029294,236.63078849970708,1.0,174.13448189218863,219.78551810781138,1.0,5.0
utomilumab,438.38,3,162.92003019001845,275.45996980998154,1.0,191.2456287150338,247.1343712849662,1.0,146.19632854041458,292.1836714595854,1.0,185.24689457029393,253.13310542970606,1.0,192.77472397579547,245.60527602420453,1.0,5.0
ublituximab,46.59,2,172.1665194310285,218.7565194310285,1.0,145.3976799394509,191.9876799394509,1.0,184.708570500839,231.298570500839,1.0,205.33624765908385,251.92624765908386,1.0,184.32053381621915,230.91053381621916,1.0,5.0
tovetumab,491.52,2,224.88705036347062,266.63294963652936,1.0,248.48564598552954,243.03435401447044,1.0,213.42333024892469,278.0966697510753,1.0,245.1593418524811,246.36065814751888,1.0,264.57461007066865,226.9453899293313,1.0,5.0
alirocumab,89.39,2,128.28187385501985,217.67187385501987,1.0,158.5106998016493,247.90069980164932,1.0,122.55493482585756,211.94493482585756,1.0,129.1947358682745,218.5847358682745,1.0,141.49360062137072,230.8836006213707,1.0,5.0
tigatuzumab,121.41,0,151.41883839684274,272.82883839684274,1.0,139.73766508849363,261.1476650884936,1.0,149.18144145077648,270.5914414507765,1.0,147.7909614406096,269.2009614406096,1.0,138.3735890619068,259.7835890619068,1.0,5.0
sirukumab,83.88,2,198.22168414529722,282.1016841452972,1.0,149.7384512514935,233.6184512514935,1.0,132.26996553659183,216.14996553659182,1.0,153.60635030590217,237.48635030590216,1.0,183.65193581116012,267.5319358111601,1.0,5.0
onartuzumab,375.2,0,117.23050073525894,257.96949926474105,1.0,137.30018611854254,237.89981388145745,1.0,133.44493829003218,241.7550617099678,1.0,154.27525580190172,220.92474419809827,1.0,158.31643625813123,216.88356374186876,1.0,5.0
emapalumab,202.74,4,171.15276923271222,373.8927692327122,1.0,182.8489429660715,385.5889429660715,1.0,161.58946710962596,364.32946710962597,1.0,177.01183826746876,379.75183826746877,1.0,121.87605113782183,324.61605113782184,1.0,5.0
orticumab,700.57,3,336.97146061565485,363.5985393843452,1.0,379.4353226147053,321.13467738529476,1.0,375.53389272676907,325.036107273231,1.0,324.0168680525562,376.55313194744383,1.0,366.32227203942193,334.2477279605781,1.0,5.0
patritumab,66.54,3,136.71592986433035,203.25592986433034,1.0,197.44283701208315,263.98283701208317,1.0,188.7484502218993,255.2884502218993,1.0,130.21725802730435,196.75725802730435,1.0,155.88931394522166,222.42931394522165,1.0,5.0
otlertuzumab,66.54,3,196.28785801341962,262.82785801341964,1.0,160.97979811238304,227.51979811238306,1.0,161.6048100977431,228.1448100977431,1.0,139.80210754758173,206.34210754758172,1.0,141.59188716712777,208.1318871671278,1.0,5.0
palivizumab,367.3,3,147.4399786755554,219.8600213244446,1.0,150.9322054029157,216.3677945970843,1.0,167.56066452735072,199.7393354726493,1.0,175.735884070478,191.56411592952202,1.0,139.62268707418917,227.67731292581084,1.0,5.0
radretumab,352.37,2,118.08033630357627,234.28966369642373,1.0,125.03724337411342,227.3327566258866,1.0,142.48089977960285,209.88910022039715,1.0,172.62593021065737,179.74406978934263,1.0,118.03307285687649,234.33692714312352,0.0,4.0
mirikizumab,133.78,0,120.61461346988725,254.39461346988725,1.0,119.60257600895059,253.3825760089506,1.0,103.07789901895922,236.85789901895922,0.0,131.26923817659323,265.04923817659324,1.0,119.32030074808006,253.10030074808006,1.0,4.0
xentuzumab,281.21,4,132.01912436613912,413.2291243661391,1.0,125.45761417752493,406.6676141775249,1.0,99.09649250685658,380.30649250685656,0.0,158.94084662800896,440.15084662800894,1.0,126.3150017293753,407.5250017293753,1.0,4.0
cusatuzumab,164.3,4,45.51176470119819,209.8117647011982,0.0,212.3623240967059,376.6623240967059,1.0,145.968063292367,310.268063292367,1.0,177.98826506702028,342.2882650670203,1.0,135.2653788414463,299.5653788414463,1.0,4.0
tregalizumab,85.5,2,124.81792695365866,210.31792695365866,1.0,145.70120327690714,231.20120327690714,1.0,103.82932311317404,189.32932311317404,0.0,121.23027092819734,206.73027092819734,1.0,145.37769660783943,230.87769660783943,1.0,4.0
ficlatuzumab,313.39,4,130.91494322402585,182.47505677597414,1.0,169.8152669248592,143.57473307514078,1.0,122.11599041758427,191.27400958241572,1.0,98.83156951541909,214.5584304845809,0.0,119.99671906875216,193.39328093124783,1.0,4.0
tavolimab,108.15,3,157.9846571323021,266.1346571323021,1.0,103.68661493918208,211.83661493918208,0.0,153.68156321176386,261.83156321176386,1.0,166.37116508611686,274.52116508611687,1.0,137.05543184080085,245.20543184080086,1.0,4.0
rontalizumab,89.39,0,168.1009462840363,257.4909462840363,1.0,136.70149917144278,226.0914991714428,1.0,123.7704387400302,213.1604387400302,1.0,109.21745447225292,198.60745447225293,0.0,151.635169121535,241.02516912153501,1.0,4.0
bevacizumab,89.39,0,145.01868582837443,234.40868582837442,1.0,135.81652269941452,225.20652269941453,1.0,138.678310166195,228.06831016619498,1.0,125.91672160284641,215.3067216028464,1.0,112.48869289956231,201.8786928995623,0.0,4.0
tocilizumab,124.07,3,138.26829353807625,262.33829353807624,1.0,105.54032453447832,229.6103245344783,0.0,118.54581192901935,242.61581192901934,1.0,124.65811749112586,248.72811749112586,1.0,112.09789767567014,236.16789767567013,0.0,3.0
isatuximab,42.75,2,143.30357241171743,186.05357241171743,1.0,98.23638881663123,140.98638881663123,0.0,104.2104929618477,146.9604929618477,0.0,124.02111978607596,166.77111978607596,1.0,131.0892809326246,173.8392809326246,1.0,3.0
ozanezumab,331.91,4,169.1750657999299,162.73493420007011,1.0,102.36025181694788,229.54974818305215,0.0,112.89085160619217,219.01914839380785,0.0,195.38710204987802,136.522897950122,1.0,176.10855277266074,155.80144722733928,1.0,3.0
fremanezumab,83.83,4,109.3405242730794,193.1705242730794,0.0,122.77047225141432,206.60047225141432,1.0,84.04821162441424,167.87821162441423,0.0,124.064489377015,207.894489377015,1.0,127.03812002772538,210.86812002772538,1.0,3.0
lanadelumab,352.37,0,123.02140702720655,229.34859297279345,1.0,118.1473883055354,234.2226116944646,1.0,95.66145112821044,256.70854887178956,0.0,89.27328920105316,263.09671079894684,0.0,119.3585155582241,233.0114844417759,1.0,3.0
girentuximab,78.27,3,116.45358336325971,194.7235833632597,1.0,106.90138070423426,185.17138070423425,0.0,145.01437768610424,223.28437768610422,1.0,115.53151646373418,193.80151646373417,0.0,119.46277828747647,197.73277828747646,1.0,3.0
lenzilumab,124.07,3,98.94726175672034,223.01726175672033,0.0,150.46132745110333,274.5313274511033,1.0,125.76969814814683,249.83969814814682,1.0,117.06268043572442,241.1326804357244,0.0,157.03874855513936,281.10874855513936,1.0,3.0
anetumab,261.98,4,113.86425888582181,375.84425888582183,1.0,87.05563620793589,349.0356362079359,0.0,146.80534224608493,408.78534224608495,1.0,119.50274836741573,381.48274836741575,1.0,100.56604620431278,362.5460462043128,0.0,3.0
gimsilumab,301.96,2,152.14354841906132,149.81645158093866,1.0,110.15119678210169,191.8088032178983,0.0,126.34643698430654,175.61356301569344,1.0,103.60712599682154,198.35287400317844,0.0,114.64234442341854,187.31765557658144,0.0,2.0
muromonab,91.04,4,97.55131433743678,188.59131433743678,0.0,78.29402066149761,169.33402066149762,0.0,152.94372980281082,243.98372980281084,1.0,146.96519222786196,238.00519222786195,1.0,99.07288033168844,190.11288033168844,0.0,2.0
mepolizumab,319.37,3,117.51861226474293,201.85138773525708,1.0,110.53010847662964,208.83989152337037,0.0,167.18165590576498,152.18834409423502,1.0,107.50977557605887,211.86022442394113,0.0,100.9359276460055,218.4340723539945,0.0,2.0
lirilumab,148.22,3,79.8283753857396,228.0483753857396,0.0,113.42545249235891,261.6454524923589,1.0,121.38607646243818,269.6060764624382,1.0,77.57619358590503,225.79619358590503,0.0,76.10410945982088,224.32410945982087,0.0,2.0
lampalizumab,126.74,1,67.149017511993,193.889017511993,0.0,94.99170668014291,221.7317066801429,0.0,36.801881497124285,163.54188149712428,0.0,132.96771050621936,259.70771050621937,1.0,134.19424125217955,260.93424125217956,1.0,2.0
fresolimumab,139.45,3,95.84536228276693,235.29536228276692,0.0,130.58156217268237,270.03156217268236,1.0,131.57961811434825,271.02961811434824,1.0,78.2595140917069,217.7095140917069,0.0,100.40024077123732,239.8502407712373,0.0,2.0
ianalumab,110.8,3,85.50098821500696,196.30098821500695,0.0,99.66327468897624,210.46327468897624,0.0,130.05655671569593,240.85655671569592,1.0,125.93266492272828,236.73266492272828,1.0,111.55716288625727,222.35716288625727,0.0,2.0
relatlimab,302.17,2,118.36138580633886,183.80861419366116,1.0,119.58824378848323,182.5817562115168,1.0,76.63857730072908,225.53142269927093,0.0,110.06180343877261,192.1081965612274,0.0,93.53243773545529,208.63756226454473,0.0,2.0
glembatumumab,339.78,1,101.71428548328197,238.065714516718,0.0,105.9466287795573,233.83337122044267,0.0,85.32509789787696,254.45490210212301,0.0,143.12288938553715,196.65711061446282,1.0,121.8611969747972,217.91880302520278,1.0,2.0
setrusumab,265.83,4,91.08643786655301,356.916437866553,0.0,93.02902296055504,358.859022960555,0.0,145.8332007906667,411.6632007906667,1.0,128.0401414784921,393.8701414784921,1.0,109.42029399408347,375.25029399408345,0.0,2.0
anifrolumab,92.11,3,128.6996115412353,220.80961154123528,1.0,105.46864588226758,197.57864588226758,0.0,141.6398368099483,233.7498368099483,1.0,102.41327728687703,194.52327728687703,0.0,89.4466927977118,181.5566927977118,0.0,2.0
sutimlimab,142.34,3,82.63239978115826,224.97239978115826,0.0,137.04657377745062,279.3865737774506,1.0,110.18041814255164,252.52041814255165,0.0,142.16612156638942,284.5061215663894,1.0,110.40216279979973,252.74216279979973,0.0,2.0
tarextumab,352.64,4,121.92870914662407,230.7112908533759,1.0,97.8067437009052,254.83325629909478,0.0,127.26993435603436,225.37006564396563,1.0,107.606009643812,245.03399035618799,0.0,93.80700753280206,258.8329924671979,0.0,2.0
cixutumumab,417.22,4,122.6850811842595,294.5349188157405,1.0,15.653779054067627,401.5662209459324,0.0,63.21563402530205,354.004365974698,0.0,135.6819238781228,281.5380761218772,1.0,103.62973692743617,313.59026307256386,0.0,2.0
trastuzumab,352.37,0,112.95728472118773,239.41271527881227,0.0,114.63897472191513,237.73102527808487,1.0,102.2416542820107,250.1283457179893,0.0,108.128478059688,244.241521940312,0.0,145.66837912409795,206.70162087590205,1.0,2.0
abrezekimab,114.75,2,87.1916518186735,201.9416518186735,0.0,142.51650584106812,257.2665058410681,1.0,134.50032847261488,249.25032847261488,1.0,95.5760671267106,210.3260671267106,0.0,80.05821229582693,194.80821229582693,0.0,2.0
guselkumab,291.91,4,82.9690696458602,374.8790696458602,0.0,105.009896875653,396.919896875653,0.0,118.94872547651727,410.8587254765173,1.0,102.25478172470247,394.1647817247025,0.0,96.76180415980303,388.67180415980306,0.0,1.0
inebilizumab,110.8,3,47.66503331997161,158.4650333199716,0.0,98.69186537436612,209.4918653743661,0.0,99.86236707452996,210.66236707452995,0.0,70.94362874392091,181.7436287439209,0.0,119.40648113584855,230.20648113584855,1.0,1.0
brentuximab,244.68,4,46.46547119018436,198.21452880981565,0.0,144.62987615764007,100.05012384235994,1.0,49.396875524406994,195.283124475593,0.0,76.83168527925321,167.8483147207468,0.0,6.906849054017357,237.77315094598265,0.0,1.0
obiltoxaximab,118.75,1,73.5254856104687,192.2754856104687,0.0,117.09649947273616,235.84649947273616,1.0,89.43815386452218,208.18815386452218,0.0,83.69938776186581,202.4493877618658,0.0,74.45678132230904,193.20678132230904,0.0,1.0
opicinumab,319.37,2,117.32064635598198,202.04935364401803,1.0,102.28458360645877,217.08541639354124,0.0,81.72369106777487,237.64630893222514,0.0,76.22238357608003,243.14761642391997,0.0,61.71534489396356,257.65465510603644,0.0,1.0
otelixizumab,338.81,1,95.21151918091795,243.59848081908206,0.0,111.2043050386878,227.6056949613122,0.0,49.61199957234385,289.19800042765615,0.0,64.75252924595765,274.05747075404236,0.0,163.76849157824716,175.04150842175284,1.0,1.0
belantamab,345.31,1,84.73546693638713,260.5745330636129,0.0,102.26688679261144,243.04311320738856,0.0,85.68916819088736,259.62083180911264,0.0,127.31821215570375,217.99178784429625,1.0,112.6139419065799,232.6960580934201,0.0,1.0
pamrevlumab,339.94,1,93.8490809103561,246.0909190896439,0.0,66.0325739030946,273.9074260969054,0.0,78.10881944082331,261.8311805591767,0.0,91.5436113196044,248.3963886803956,0.0,124.81275977146527,215.12724022853473,1.0,1.0
prolgolimab,198.68,4,61.35421978662532,260.03421978662533,0.0,147.0098919488412,345.6898919488412,1.0,87.98517220579657,286.6651722057966,0.0,98.98954769650186,297.66954769650187,0.0,75.07531717582668,273.7553171758267,0.0,1.0
ramucirumab,174.63,0,86.16895727015475,260.79895727015474,0.0,80.69682203599302,255.32682203599302,0.0,76.88775536794498,251.51775536794497,0.0,106.31020496189922,280.9402049618992,0.0,125.330592772523,299.960592772523,1.0,1.0
selicrelumab,180.76,1,91.2492912541448,272.0092912541448,0.0,119.28206492761785,300.04206492761784,1.0,117.11624259988042,297.8762425998804,0.0,56.55011329805939,237.31011329805938,0.0,90.55506947037253,271.3150694703725,0.0,1.0
seribantumab,416.5,3,87.54898872539252,328.9510112746075,0.0,76.34463197512287,340.15536802487713,0.0,100.8039862199958,315.6960137800042,0.0,127.78226523716495,288.71773476283505,1.0,87.68765331209192,328.8123466879081,0.0,1.0
tisotumab,186.82,0,114.7881806335933,301.6081806335933,1.0,81.71025096879521,268.5302509687952,0.0,75.03304031131461,261.8530403113146,0.0,99.93689505856997,286.75689505856997,0.0,82.59744006650129,269.4174400665013,0.0,1.0
basiliximab,126.74,2,55.49143116779938,182.23143116779937,0.0,38.79566223601937,165.53566223601936,0.0,75.35335871471854,202.09335871471853,0.0,116.04622259845836,242.78622259845835,0.0,143.3526930567204,270.0926930567204,1.0,1.0
abagovomab,140.25,2,86.8008574383739,227.0508574383739,0.0,56.775751707151244,197.02575170715124,0.0,63.338113205357075,203.58811320535708,0.0,76.5473657166533,216.7973657166533,0.0,157.07819865612407,297.3281986561241,1.0,1.0
dupilumab,109.47,4,64.0223007290358,173.4923007290358,0.0,119.73638416544208,229.20638416544207,1.0,96.57017227647472,206.04017227647472,0.0,105.7472109174987,215.2172109174987,0.0,93.41344572999051,202.8834457299905,0.0,1.0
codrituzumab,296.49,4,113.31012762153802,183.179872378462,0.0,74.15255128183105,222.33744871816896,0.0,99.716813331932,196.773186668068,0.0,138.79055260057487,157.69944739942514,1.0,104.55616064234601,191.933839357654,0.0,1.0
emactuzumab,177.67,1,93.81295321542936,271.48295321542935,0.0,80.21741993298482,257.8874199329848,0.0,145.45156295007862,323.1215629500786,1.0,96.0683449810771,273.7383449810771,0.0,105.1639824492315,282.8339824492315,0.0,1.0
foralumab,253.14,2,13.329632228670192,239.8103677713298,0.0,26.266733856915266,226.87326614308472,0.0,2.7452994450777624,255.88529944507775,0.0,4.3971536779962435,248.74284632200374,0.0,20.23367445383286,232.90632554616712,0.0,0.0
rovalpituzumab,174.63,3,50.22503162198143,224.85503162198142,0.0,51.68274944549782,226.31274944549781,0.0,45.556893693582936,220.18689369358293,0.0,46.01647083415588,220.64647083415588,0.0,48.20811905274783,222.83811905274783,0.0,0.0
risankizumab,210.41,1,4.861263091124158,215.27126309112415,0.0,28.757107225588157,239.16710722558815,0.0,19.31264622042383,191.09735377957617,0.0,13.98393821320309,196.4260617867969,0.0,25.821854775346793,236.2318547753468,0.0,0.0
rituximab,183.88,2,30.947731733592178,214.82773173359217,0.0,7.2655120333518255,191.14551203335182,0.0,39.030353594963856,222.91035359496385,0.0,74.27840148158799,258.158401481588,0.0,57.205088778219704,241.0850887782197,0.0,0.0
robatumumab,221.22,2,36.13844790240066,185.08155209759934,0.0,33.252238227186524,187.96776177281347,0.0,18.298638899039958,202.92136110096004,0.0,41.47118528889021,179.7488147111098,0.0,4.8267522049403055,216.3932477950597,0.0,0.0
avelumab,359.69,4,28.156496382920352,387.84649638292035,0.0,7.1545798935965195,366.8445798935965,0.0,38.1301242822305,397.8201242822305,0.0,36.33207815538282,396.0220781553828,0.0,2.4841309862617322,357.20586901373827,0.0,0.0
atezolizumab,319.37,0,51.86471252404982,267.5052874759502,0.0,64.0867723593818,255.2832276406182,0.0,53.196318938517834,266.17368106148217,0.0,66.22403095465197,253.14596904534804,0.0,77.88890291616491,241.4810970838351,0.0,0.0
anrukinzumab,301.96,0,12.273807682015047,289.68619231798493,0.0,38.79208125131214,263.16791874868784,0.0,34.640702052568486,267.3192979474315,0.0,40.58936873345584,261.37063126654414,0.0,40.14136435805051,261.81863564194947,0.0,0.0
rilotumumab,220.5,1,2.3858803438211567,218.11411965617884,0.0,43.498817310976335,263.99881731097634,0.0,23.424382070975753,243.92438207097575,0.0,22.11382355099505,198.38617644900495,0.0,6.182988010477857,226.68298801047786,0.0,0.0
sarilumab,285.99,0,18.409769894955332,267.5802301050447,0.0,37.219263459888396,248.7707365401116,0.0,16.93286163300013,269.0571383669999,0.0,3.327664654328146,282.66233534567186,0.0,5.3528462751756365,280.6371537248244,0.0,0.0
satralizumab,211.24,1,9.647909659466222,220.88790965946623,0.0,1.9118624155321982,209.3281375844678,0.0,47.62537044876581,258.8653704487658,0.0,17.829317314446257,229.06931731444627,0.0,34.98070766905536,246.22070766905537,0.0,0.0
secukinumab,193.48,2,22.638674978711578,216.11867497871157,0.0,27.886091892441215,221.3660918924412,0.0,19.302854690926353,212.78285469092634,0.0,17.08033225558529,210.56033225558528,0.0,10.010468677790271,203.49046867779026,0.0,0.0
eldelumab,151.33,2,87.45929453955506,238.78929453955507,0.0,78.41279536048268,229.7427953604827,0.0,78.30131234151389,229.6313123415139,0.0,101.75294486777781,253.08294486777783,0.0,51.687638824196085,203.0176388241961,0.0,0.0
efalizumab,244.68,0,13.210716705475761,257.89071670547577,0.0,0.33459891464966063,245.01459891464967,0.0,9.884481393164123,234.79551860683588,0.0,7.423951424285008,252.10395142428501,0.0,3.2163059961857243,247.89630599618573,0.0,0.0
eculizumab,327.32,0,74.50166466746612,252.81833533253388,0.0,90.53505966669434,236.78494033330566,0.0,83.15226476477656,244.16773523522343,0.0,104.60697343215838,222.7130265678416,0.0,68.22181933383655,259.09818066616344,0.0,0.0
sifalimumab,232.62,3,14.176738008386224,246.79673800838623,0.0,45.230330573674905,277.8503305736749,0.0,57.41912004890685,290.03912004890685,0.0,44.60922926694957,277.2292292669496,0.0,33.702032091440515,266.3220320914405,0.0,0.0
rinucumab,171.61,3,58.69153450452697,230.30153450452698,0.0,85.12127904743448,256.7312790474345,0.0,75.46840685050958,247.0784068505096,0.0,42.96949603885568,214.5794960388557,0.0,22.584931355343883,194.1949313553439,0.0,0.0
elezanumab,276.0,4,76.12705586969525,352.12705586969525,0.0,93.56296586307008,369.5629658630701,0.0,85.0672976508381,361.0672976508381,0.0,57.016960799280014,333.01696079928,0.0,90.37994020125115,366.37994020125115,0.0,0.0
reslizumab,191.93,1,94.43560174311847,286.3656017431185,0.0,58.24815721421962,250.17815721421962,0.0,61.06274522500564,252.99274522500565,0.0,40.979526664037195,232.9095266640372,0.0,85.64038235374784,277.57038235374785,0.0,0.0
simtuzumab,231.48,4,11.291021853214602,242.7710218532146,0.0,9.974253862818614,241.4542538628186,0.0,24.278741371998706,207.20125862800128,0.0,2.79869733599773,234.27869733599772,0.0,33.613188524286016,197.86681147571397,0.0,0.0
panobacumab,154.15,1,62.977389551456184,217.1273895514562,0.0,93.3680070703688,247.5180070703688,0.0,98.76717931781064,252.91717931781065,0.0,92.068891408279,246.218891408279,0.0,51.602858557800516,205.75285855780052,0.0,0.0
parsatuzumab,193.48,0,45.062272617532614,238.5422726175326,0.0,58.668930015791375,252.14893001579136,0.0,11.722502382441178,205.20250238244117,0.0,0.4405593519104798,193.0394406480895,0.0,8.020589170945527,201.50058917094552,0.0,0.0
daclizumab,261.98,1,17.778143932978708,279.7581439329787,0.0,40.80713900756905,302.78713900756907,0.0,23.467606412213172,285.4476064122132,0.0,10.866127566587693,272.8461275665877,0.0,17.448090171704564,279.4280901717046,0.0,0.0
pertuzumab,296.49,0,58.61031486861788,237.87968513138213,0.0,52.16278069817136,244.32721930182865,0.0,61.71589677233166,234.77410322766835,0.0,73.25396570948814,223.23603429051187,0.0,79.91306070239364,216.57693929760637,0.0,0.0
pidilizumab,217.56,1,10.79786095196161,228.3578609519616,0.0,1.1230925010687542,216.43690749893125,0.0,28.18916450354891,189.3708354964511,0.0,82.97617466302285,300.53617466302285,0.0,2.258737447013999,219.818737447014,0.0,0.0
pinatuzumab,213.95,0,51.495094925595424,265.4450949255954,0.0,51.220753492319034,265.170753492319,0.0,14.385224849055305,228.3352248490553,0.0,12.212199751088747,201.73780024891124,0.0,4.974895366376302,218.9248953663763,0.0,0.0
polatuzumab,266.55,0,21.017949462384166,245.53205053761585,0.0,39.92468707421003,226.62531292578998,0.0,31.825673864441114,234.7243261355589,0.0,25.13052403023474,241.41947596976527,0.0,59.39473176389683,207.15526823610318,0.0,0.0
ponezumab,128.11,4,50.035821120997525,178.14582112099754,0.0,46.10653544648284,174.21653544648285,0.0,60.86069973853995,188.97069973853996,0.0,8.342236016032047,136.45223601603206,0.0,12.745362605723358,140.85536260572337,0.0,0.0
prasinezumab,210.41,0,29.41842325931674,239.82842325931674,0.0,72.89192502833319,283.3019250283332,0.0,54.18026794623145,264.59026794623145,0.0,46.72787593502264,257.13787593502263,0.0,26.948524447099373,237.35852444709937,0.0,0.0
prezalumab,165.68,0,84.22522033792171,249.90522033792172,0.0,100.47346573568313,266.15346573568314,0.0,97.62358234225053,263.30358234225054,0.0,84.95105488098253,250.63105488098253,0.0,96.03077720286223,261.71077720286223,0.0,0.0
quilizumab,249.63,2,5.538095881883351,255.16809588188335,0.0,22.661407794532693,226.9685922054673,0.0,17.86735523228907,267.49735523228907,0.0,24.97036882368849,224.6596311763115,0.0,2.9911660769649586,246.63883392303504,0.0,0.0
racotumomab,183.88,1,14.03455336061154,169.84544663938846,0.0,21.482765917210628,205.36276591721062,0.0,6.986032465527671,190.86603246552767,0.0,32.85629677475819,151.0237032252418,0.0,24.33510976698875,159.54489023301124,0.0,0.0
bapineuzumab,168.63,1,50.05840734712967,218.68840734712967,0.0,68.70318597650038,237.33318597650037,0.0,52.220451731302234,220.85045173130223,0.0,98.25611733151163,266.8861173315116,0.0,85.76186982504595,254.39186982504594,0.0,0.0
elotuzumab,203.48,0,16.95411705032663,220.43411705032662,0.0,23.033996043918023,226.513996043918,0.0,37.33912820205421,240.8191282020542,0.0,4.336899645222019,199.14310035477797,0.0,33.83946051986507,237.31946051986506,0.0,0.0
ranibizumab,118.75,0,112.90489113025669,231.6548911302567,0.0,94.49308068928937,213.24308068928937,0.0,106.30949169489526,225.05949169489526,0.0,95.08933474381058,213.83933474381058,0.0,78.65583725828606,197.40583725828606,0.0,0.0
siltuximab,257.51,3,39.48612840291722,218.02387159708277,0.0,74.95959472470864,182.55040527529135,0.0,59.46267968575614,198.04732031424385,0.0,41.6085538976165,215.9014461023835,0.0,82.28382624560723,175.22617375439276,0.0,0.0
durvalumab,196.76,2,9.705060968983162,206.46506096898315,0.0,10.223083120361679,206.98308312036167,0.0,14.328614608635093,211.08861460863508,0.0,0.24105936414537155,197.00105936414536,0.0,19.93614102848946,216.69614102848945,0.0,0.0
sintilimab,310.74,0,55.22030240531811,255.5196975946819,0.0,60.9590767355852,249.7809232644148,0.0,34.802323073580226,275.9376769264198,0.0,62.24123228433615,248.49876771566386,0.0,42.05200877249928,268.68799122750073,0.0,0.0
tralokinumab,287.68,2,5.961660604707731,293.64166060470774,0.0,4.138495815691613,283.5415041843084,0.0,17.428897151111357,305.10889715111136,0.0,11.990336289849097,299.6703362898491,0.0,47.459116835749114,335.1391168357491,0.0,0.0
aducanumab,367.3,0,94.20136812238536,273.09863187761465,0.0,101.15031668273514,266.1496833172649,0.0,93.24447407343877,274.05552592656124,0.0,82.65881145914807,284.64118854085194,0.0,110.34702235728628,256.95297764271373,0.0,0.0
tremelimumab,339.78,2,85.69500604903604,254.08499395096393,0.0,65.85530310124471,273.92469689875526,0.0,32.4172377940227,307.3627622059773,0.0,73.579412394634,266.20058760536597,0.0,116.89578146039966,222.8842185396003,0.0,0.0
adalimumab,313.39,0,59.40980711800131,253.98019288199868,0.0,54.046387437649,259.343612562351,0.0,39.692285200426795,273.6977147995732,0.0,38.875677766853755,274.51432223314623,0.0,51.98385271507925,261.40614728492073,0.0,0.0
urelumab,180.78,2,41.083157441475805,221.8631574414758,0.0,8.73612299134308,189.51612299134308,0.0,64.5861777724204,245.3661777724204,0.0,53.04107449143248,233.82107449143248,0.0,36.222879306125975,217.00287930612598,0.0,0.0
ustekinumab,168.63,3,71.3786098269106,240.0086098269106,0.0,49.75613586439562,218.3861358643956,0.0,75.73988682594134,244.36988682594134,0.0,38.15159789412138,206.78159789412138,0.0,16.398520496299454,185.02852049629945,0.0,0.0
abrilumab,327.32,0,76.88257953246347,250.43742046753653,0.0,91.43360017642914,235.88639982357086,0.0,72.36439925012132,254.95560074987867,0.0,88.32236045329381,238.99763954670618,0.0,75.7961065376964,251.5238934623036,0.0,0.0
vadastuximab,261.98,1,16.948905604727912,245.0310943952721,0.0,15.132898120961102,277.1128981209611,0.0,6.098602348899561,255.88139765110046,0.0,25.358322300728844,236.62167769927117,0.0,34.48624289547598,227.49375710452404,0.0,0.0
varlilumab,261.98,0,8.841710681100153,270.82171068110017,0.0,40.257857383865655,302.2378573838657,0.0,29.34625806627315,291.32625806627317,0.0,5.226512850977485,267.2065128509775,0.0,18.33465941628981,280.3146594162898,0.0,0.0
vatelizumab,202.74,3,1.9626261785405177,204.70262617854053,0.0,12.942780270305747,189.79721972969426,0.0,1.8800147926287138,204.62001479262872,0.0,19.18569038556467,221.92569038556468,0.0,15.251524050243347,187.48847594975666,0.0,0.0
vedolizumab,307.59,4,76.83546647376457,230.7545335262354,0.0,68.99074137319178,238.5992586268082,0.0,111.07773630001319,196.5122636999868,0.0,118.57936977492781,189.01063022507216,0.0,76.7373778475177,230.85262215248227,0.0,0.0
veltuzumab,221.22,1,7.799842309271469,213.42015769072853,0.0,6.96119819546027,228.18119819546027,0.0,25.95632150006594,247.17632150006594,0.0,26.56367861850842,247.78367861850842,0.0,2.062566309493377,223.28256630949338,0.0,0.0
visilizumab,303.51,0,25.54506763288191,277.9649323671181,0.0,33.21514843792863,270.29485156207136,0.0,44.06593750046187,259.4440624995381,0.0,26.897750124533502,276.6122498754665,0.0,54.19569489422821,249.31430510577178,0.0,0.0
depatuxizumab,307.59,3,42.87465707250914,264.71534292749084,0.0,53.38665163122144,254.20334836877853,0.0,42.01949016453983,265.57050983546014,0.0,32.16812242918985,275.4218775708101,0.0,46.76459416226612,260.82540583773385,0.0,0.0
zalutumumab,266.55,0,41.01661236727165,225.53338763272836,0.0,24.36700064183205,242.18299935816796,0.0,15.74129136536871,250.8087086346313,0.0,14.503635654508798,252.0463643454912,0.0,67.89548512963313,198.65451487036688,0.0,0.0
zanolimumab,301.96,3,56.002003905035195,245.95799609496478,0.0,28.35947653575556,273.6005234642444,0.0,5.031564205452696,296.9284357945473,0.0,43.41291730206791,258.54708269793207,0.0,56.62841026306964,245.33158973693034,0.0,0.0
dinutuximab,228.75,4,67.6145859961371,161.1354140038629,0.0,78.80320075360834,149.94679924639166,0.0,45.34524839577176,183.40475160422824,0.0,52.800628133570285,175.94937186642971,0.0,30.038418807794727,198.71158119220527,0.0,0.0
alemtuzumab,190.23,3,66.00192673052399,256.231926730524,0.0,43.12075844253354,233.35075844253353,0.0,42.04523195564934,232.27523195564933,0.0,52.908419989180345,243.13841998918033,0.0,48.59800849303022,238.8280084930302,0.0,0.0
crizanlizumab,303.51,0,61.38029640176367,242.12970359823632,0.0,79.05895581349125,224.45104418650874,0.0,72.64446107845484,230.86553892154515,0.0,65.47046588343193,238.03953411656806,0.0,89.47991381844093,214.03008618155906,0.0,0.0
toripalimab,142.34,4,52.347723708865686,194.6877237088657,0.0,74.21695971700922,216.55695971700922,0.0,52.64785246543971,194.98785246543972,0.0,4.005110245229986,138.33488975477002,0.0,4.8906688216875125,147.23066882168752,0.0,0.0
solanezumab,187.04,1,73.91362376037043,260.9536237603704,0.0,62.01774016204635,249.05774016204634,0.0,52.228221253421,239.268221253421,0.0,54.22294443668372,241.2629444366837,0.0,45.77373067808131,232.8137306780813,0.0,0.0
spartalizumab,170.36,3,71.37728607618774,241.73728607618776,0.0,41.02815836996302,211.38815836996304,0.0,29.059831392044686,199.4198313920447,0.0,52.666136428382,223.02613642838202,0.0,76.17891051114191,246.53891051114192,0.0,0.0
tabalumab,203.97,2,46.78000775275879,157.1899922472412,0.0,0.8535742153120509,203.11642578468795,0.0,28.33541676141533,232.30541676141533,0.0,2.5350305906006554,206.50503059060065,0.0,8.284658766864112,195.6853412331359,0.0,0.0
tanezumab,202.18,1,25.891448777680807,228.0714487776808,0.0,17.26537765505907,219.44537765505908,0.0,21.405779473539212,223.58577947353922,0.0,6.984324401993291,209.1643244019933,0.0,31.435877468627467,233.61587746862747,0.0,0.0
duligotuzumab,206.92,0,21.5634415083573,228.4834415083573,0.0,16.523955697819957,223.44395569781994,0.0,14.364322853755056,221.28432285375504,0.0,19.328500548926883,226.24850054892687,0.0,4.28629993054696,211.20629993054695,0.0,0.0
dostarlimab,241.97,1,25.973974933544554,267.94397493354455,0.0,31.86076276448486,273.83076276448486,0.0,40.41190191193644,282.38190191193644,0.0,5.598646320025523,236.37135367997448,0.0,28.107073280044204,270.0770732800442,0.0,0.0
telisotuzumab,261.98,4,79.24960200389171,182.7303979961083,0.0,57.41015570026249,204.56984429973753,0.0,33.62116137392488,228.35883862607514,0.0,64.5504950076091,197.42950499239092,0.0,76.71562494490183,185.26437505509818,0.0,0.0
teplizumab,190.23,1,64.58492501255645,254.81492501255644,0.0,53.81571337417617,244.04571337417616,0.0,65.03827184583895,255.26827184583894,0.0,37.883612572897704,228.1136125728977,0.0,0.6821912021300989,189.5478087978699,0.0,0.0
teprotumumab,240.58,2,23.134380512456715,217.4456194875433,0.0,66.9205679193955,173.65943208060452,0.0,3.3998604527232885,237.18013954727672,0.0,0.5754698243987377,240.00453017560127,0.0,7.137958133099886,233.44204186690013,0.0,0.0
tezepelumab,327.68,3,81.11215348926947,246.56784651073053,0.0,95.59490391640452,232.0850960835955,0.0,30.939815978000354,296.74018402199965,0.0,49.99202270614717,277.68797729385284,0.0,87.73598450033833,239.94401549966167,0.0,0.0
andecaliximab,291.17,3,32.80752981828391,258.3624701817161,0.0,71.6752945868293,219.49470541317072,0.0,72.08845421209946,219.08154578790055,0.0,32.33230348113324,258.8376965188668,0.0,13.817481467128232,277.3525185328718,0.0,0.0
tildrakizumab,187.04,1,59.9348863790205,246.9748863790205,0.0,83.78730713326993,270.8273071332699,0.0,73.63865247349625,260.67865247349624,0.0,70.54079156349397,257.58079156349396,0.0,106.4153614963619,293.4553614963619,0.0,0.0
tislelizumab,226.51,2,62.08557856317526,164.42442143682473,0.0,25.182889024358502,201.3271109756415,0.0,32.04997380547107,194.46002619452892,0.0,32.995048226451104,193.5149517735489,0.0,13.679118983327044,212.83088101667295,0.0,0.0
domagrozumab,345.31,0,51.52923346935023,293.78076653064977,0.0,69.39328106850184,275.91671893149817,0.0,67.8663331102552,277.4436668897448,0.0,68.86557651975636,276.44442348024364,0.0,76.18151234067835,269.12848765932165,0.0,0.0
amatuximab,224.95,2,6.549604846887576,218.4003951531124,0.0,10.077989899651783,214.8720101003482,0.0,5.320311763869313,230.2703117638693,0.0,35.7131891471052,260.6631891471052,0.0,0.16183556257351484,225.1118355625735,0.0,0.0
panitumumab,303.51,1,81.31913949079217,222.19086050920782,0.0,95.27950259193472,208.23049740806528,0.0,41.707016817798944,261.80298318220105,0.0,94.59588924859747,208.91411075140252,0.0,50.134455064113155,253.37554493588684,0.0,0.0
bavituximab,108.15,2,111.5569575797935,219.7069575797935,0.0,34.80155603793156,142.95155603793157,0.0,36.32659574390996,144.47659574390997,0.0,83.59885839169712,191.74885839169713,0.0,82.38090592700422,190.53090592700423,0.0,0.0
certolizumab,313.39,0,97.77435134670898,215.615648653291,0.0,79.35421861355016,234.03578138644983,0.0,64.0441006028397,249.34589939716028,0.0,100.12556707347107,213.2644329265289,0.0,114.48447297669946,198.90552702330052,0.0,0.0
inclacumab,294.08,3,61.40848609219901,232.67151390780097,0.0,81.03995768313786,213.04004231686213,0.0,66.79177608305986,227.28822391694013,0.0,72.16412426091043,221.91587573908956,0.0,73.98933661528264,220.09066338471735,0.0,0.0
burosumab,203.48,1,70.61511718939423,274.0951171893942,0.0,93.35798968408196,296.83798968408195,0.0,92.76564913632981,296.2456491363298,0.0,64.61289184898644,268.0928918489864,0.0,59.27961694031265,262.75961694031264,0.0,0.0
intetumumab,217.56,2,4.363955328629061,221.92395532862906,0.0,7.746614393648656,209.81338560635135,0.0,21.41419196231419,238.9741919623142,0.0,13.528109373386513,231.08810937338652,0.0,15.719433348832467,233.27943334883247,0.0,0.0
ipilimumab,296.49,2,42.59611813149206,253.89388186850795,0.0,54.88918480910229,241.60081519089772,0.0,56.537714563600446,239.95228543639956,0.0,72.85007400695716,223.63992599304285,0.0,64.06416096748649,232.42583903251352,0.0,0.0
budigalimab,110.8,4,69.68880050165,180.48880050165,0.0,93.96994475576231,204.7699447557623,0.0,51.73431666596217,162.53431666596217,0.0,64.49923051687098,175.29923051687098,0.0,56.87036388696028,167.67036388696027,0.0,0.0
iscalimab,157.0,1,75.5858737660974,232.5858737660974,0.0,72.98330429484292,229.98330429484292,0.0,49.78755781021036,206.78755781021036,0.0,83.28336160333745,240.28336160333745,0.0,65.22672128294556,222.22672128294556,0.0,0.0
itolizumab,313.39,3,64.89913889227842,248.49086110772157,0.0,87.52975412786742,225.86024587213257,0.0,79.26248843978661,234.12751156021338,0.0,59.00338447370365,254.38661552629634,0.0,96.04267973696537,217.34732026303462,0.0,0.0
ladiratuzumab,162.76,4,26.98139033766728,189.74139033766727,0.0,40.37143907988133,203.13143907988132,0.0,28.995912492482944,191.75591249248293,0.0,20.660942130282876,142.09905786971711,0.0,7.704556020648141,155.05544397935185,0.0,0.0
evinacumab,212.57,1,23.320392427402055,235.89039242740205,0.0,42.31853081058381,254.8885308105838,0.0,42.28468365170957,254.85468365170956,0.0,29.682351976311537,242.25235197631153,0.0,19.418971102063693,231.9889711020637,0.0,0.0
brontictuzumab,363.39,4,113.67343676400722,249.71656323599277,0.0,13.542325618240625,349.84767438175936,0.0,43.5520925055377,319.8379074944623,0.0,23.324144186298554,340.06585581370143,0.0,82.92655209635655,280.46344790364344,0.0,0.0
landogrozumab,285.99,2,30.668779301014837,255.32122069898517,0.0,31.667482817362554,254.32251718263745,0.0,79.07110908070604,206.91889091929397,0.0,60.108954389037194,225.88104561096281,0.0,39.69373667198215,246.29626332801786,0.0,0.0
brodalumab,281.07,2,59.2970148723511,221.7729851276489,0.0,61.12683636103969,219.9431636389603,0.0,46.01717389842307,235.05282610157693,0.0,36.192534761322435,244.87746523867756,0.0,25.044906448304573,256.0250935516954,0.0,0.0
abituzumab,193.31,0,33.82675867284047,227.13675867284047,0.0,41.179832321816235,234.48983232181624,0.0,37.20573472604832,230.51573472604832,0.0,21.83318473188723,215.14318473188723,0.0,26.912491863132004,220.222491863132,0.0,0.0
briakinumab,451.1,4,100.24246608972976,350.85753391027026,0.0,70.14164335729072,380.9583566427093,0.0,27.691675108944537,423.4083248910555,0.0,62.80238577919556,388.29761422080446,0.0,61.97930704909493,389.1206929509051,0.0,0.0
ligelizumab,132.11,3,86.54792156036734,218.65792156036736,0.0,72.41821601127486,204.52821601127488,0.0,63.62483117729377,195.73483117729378,0.0,50.65481581408804,182.76481581408805,0.0,72.70963928291116,204.81963928291117,0.0,0.0
lintuzumab,352.37,1,74.93350709585167,277.43649290414834,0.0,98.47445131174794,253.89554868825206,0.0,92.30239653043162,260.0676034695684,0.0,102.60970377880656,249.76029622119344,0.0,71.33810729611753,281.0318927038825,0.0,0.0
evolocumab,395.76,3,73.84150404313215,321.91849595686784,0.0,103.30787469190966,292.45212530809033,0.0,74.39190164265148,321.3680983573485,0.0,81.10056512850696,314.65943487149303,0.0,85.02997775802817,310.7300222419718,0.0,0.0
imgatuzumab,301.96,1,26.367581960855034,275.59241803914495,0.0,34.39654436150664,267.56345563849334,0.0,36.349838168210965,265.610161831789,0.0,52.39171798344921,249.56828201655077,0.0,9.911114028269537,292.04888597173044,0.0,0.0
loncastuximab,224.95,2,13.23755635867019,211.7124436413298,0.0,54.54421222040696,170.40578777959303,0.0,55.61132945219731,169.33867054780268,0.0,4.6857733462341,229.6357733462341,0.0,14.161478816974778,239.11147881697477,0.0,0.0
camidanlumab,352.37,3,106.93454892512517,245.43545107487483,0.0,59.28143280861201,293.088567191388,0.0,73.3461721488361,279.0238278511639,0.0,110.1279640018578,242.2420359981422,0.0,115.76758845052657,236.60241154947343,0.0,0.0
fletikumab,154.29,0,87.91774708160528,242.20774708160528,0.0,51.67114459253773,205.96114459253772,0.0,89.6686512308107,243.9586512308107,0.0,94.700889542482,248.990889542482,0.0,90.20099623256002,244.49099623256,0.0,0.0
fulranumab,249.63,2,17.171474607517894,266.8014746075179,0.0,2.189600468573701,251.8196004685737,0.0,9.995037071870883,239.6349629281291,0.0,13.551826476158567,263.18182647615856,0.0,15.047117821696503,234.5828821783035,0.0,0.0
galcanezumab,236.63,0,28.143796878456385,264.7737968784564,0.0,28.07585209675122,208.55414790324878,0.0,5.027680602377529,231.60231939762247,0.0,31.186636583363395,267.8166365833634,0.0,17.47931805233293,219.15068194766707,0.0,0.0
carlumab,257.51,3,31.692252383319982,225.81774761668,0.0,22.91679487723775,280.42679487723774,0.0,9.412205041733387,266.9222050417334,0.0,8.555763895288123,248.95423610471187,0.0,2.1858785242783654,255.32412147572163,0.0,0.0
ganitumab,203.48,3,8.814669587482797,212.2946695874828,0.0,17.852305433026686,221.33230543302668,0.0,31.229200788352756,234.70920078835275,0.0,15.423954462388991,218.90395446238898,0.0,5.242368313188621,198.23763168681137,0.0,0.0
gantenerumab,313.39,2,72.9634241450911,240.4265758549089,0.0,56.31469862343465,257.07530137656533,0.0,111.86611932465513,201.52388067534486,0.0,94.76408050236145,218.62591949763853,0.0,86.3232257456209,227.06677425437908,0.0,0.0
gatipotuzumab,134.81,1,77.53272353954071,212.3427235395407,0.0,109.6217288965918,244.4317288965918,0.0,89.14725689284066,223.95725689284066,0.0,95.88526715640793,230.69526715640794,0.0,113.36257121882551,248.1725712188255,0.0,0.0
gemtuzumab,294.08,0,59.72757569774191,234.35242430225807,0.0,58.32572276214529,235.7542772378547,0.0,91.94183560574623,202.13816439425375,0.0,88.93728392701337,205.14271607298662,0.0,51.87212814767838,242.2078718523216,0.0,0.0
gevokizumab,151.52,1,66.04703806543924,217.56703806543925,0.0,65.71838874072583,217.23838874072584,0.0,76.74875116316008,228.2687511631601,0.0,70.61811750727242,222.13811750727243,0.0,65.2427504696847,216.7627504696847,0.0,0.0
cetuximab,78.27,1,36.31478166959799,114.58478166959799,0.0,55.36992754128242,133.63992754128242,0.0,84.64637388407824,162.91637388407824,0.0,75.43865768461903,153.70865768461903,0.0,73.44528979721774,151.71528979721774,0.0,0.0
camrelizumab,265.64,1,1.8449439330993869,263.7950560669006,0.0,9.716435043716444,275.35643504371643,0.0,42.568634002312876,308.20863400231286,0.0,0.0745296958669428,265.56547030413304,0.0,7.789778670234796,273.4297786702348,0.0,0.0
clazakizumab,236.56,0,36.78672458873814,273.34672458873814,0.0,6.916920389844819,229.64307961015518,0.0,15.136488659626451,251.69648865962645,0.0,14.042710597387384,250.6027105973874,0.0,55.65500424369611,292.2150042436961,0.0,0.0
golimumab,296.49,2,81.2794630185538,215.2105369814462,0.0,91.43631098882932,205.0536890111707,0.0,78.04600166807901,218.443998331921,0.0,65.05663408518245,231.43336591481756,0.0,73.31566038116634,223.17433961883367,0.0,0.0
coltuximab,213.95,2,12.052009291988185,201.8979907080118,0.0,52.26417003826543,161.68582996173456,0.0,47.85354809083219,166.0964519091678,0.0,5.589603796342118,208.36039620365787,0.0,23.54951751885605,237.49951751885604,0.0,0.0
ibalizumab,120.09,4,57.17971941028864,177.26971941028864,0.0,86.76715749617185,206.85715749617185,0.0,47.58038153337651,167.6703815333765,0.0,110.10749218500143,230.19749218500144,0.0,82.90002079844064,202.99002079844064,0.0,0.0
etrolizumab,296.49,0,39.937598573216405,256.5524014267836,0.0,44.20885482159639,252.28114517840362,0.0,66.05641857896305,230.43358142103696,0.0,62.947429080029394,233.54257091997061,0.0,21.350340390478152,275.13965960952186,0.0,0.0
lorvotuzumab,154.15,1,31.077672241062544,185.22767224106255,0.0,79.25703644451067,233.40703644451068,0.0,106.38208484450567,260.5320848445057,0.0,73.58836908768086,227.73836908768087,0.0,91.52717742772663,245.67717742772663,0.0,0.0
enavatuzumab,257.51,0,2.4232805011857863,259.9332805011858,0.0,7.310938096377811,264.8209380963778,0.0,18.135292972993312,239.37470702700668,0.0,20.202879901030144,237.30712009896985,0.0,19.3916510314055,238.1183489685945,0.0,0.0
bleselumab,212.57,2,58.087762792469164,270.65776279246916,0.0,33.664005395125315,246.2340053951253,0.0,65.77126357032967,278.34126357032966,0.0,46.88900100865982,259.4590010086598,0.0,1.5786211588033439,214.14862115880334,0.0,0.0
denosumab,259.84,4,78.80192206885971,181.03807793114026,0.0,39.81017711724792,220.02982288275206,0.0,28.544352540067763,231.2956474599322,0.0,34.68040790345239,225.15959209654758,0.0,50.53582474138773,209.30417525861225,0.0,0.0
obinutuzumab,190.23,4,12.723200690158109,177.50679930984188,0.0,27.35046455975288,217.58046455975287,0.0,5.22714509199028,185.0028549080097,0.0,4.559045273374579,185.6709547266254,0.0,8.816840172037956,199.04684017203795,0.0,0.0
bimekizumab,116.1,0,88.45263569826622,204.55263569826622,0.0,112.16144305523525,228.26144305523525,0.0,98.34034884198195,214.44034884198194,0.0,95.90030018083726,212.00030018083726,0.0,110.79348785878722,226.8934878587872,0.0,0.0
ofatumumab,266.55,2,64.50893500725877,202.04106499274124,0.0,64.64054833714187,201.90945166285815,0.0,58.44533303258362,208.1046669674164,0.0,71.37406428235235,195.17593571764766,0.0,61.10246167134494,205.44753832865507,0.0,0.0
olaratumab,157.0,3,74.14739147956215,231.14739147956215,0.0,46.01246673467938,203.01246673467938,0.0,82.9182207651935,239.9182207651935,0.0,48.71450846147138,205.71450846147138,0.0,88.9305567634211,245.9305567634211,0.0,0.0
bimagrumab,393.89,4,25.343605460509707,419.2336054605097,0.0,44.19947888967948,438.08947888967947,0.0,55.85978552631741,449.7497855263174,0.0,29.14411399379469,423.0341139937947,0.0,41.27369060284127,435.16369060284126,0.0,0.0
bezlotoxumab,151.33,3,94.0993712803824,245.4293712803824,0.0,71.79120133138758,223.1212013313876,0.0,93.91321538643089,245.2432153864309,0.0,79.46497190371744,230.79497190371745,0.0,52.241811880813344,203.57181188081336,0.0,0.0
omalizumab,224.95,0,19.875346067116368,244.82534606711636,0.0,20.28530112118068,245.23530112118067,0.0,5.644232743703299,230.5942327437033,0.0,20.814861677269647,245.76486167726964,0.0,1.296518395270823,223.65348160472917,0.0,0.0
omburtamab,140.25,2,62.38682641602412,202.63682641602412,0.0,53.376596482195,193.626596482195,0.0,76.85922186158541,217.1092218615854,0.0,79.64997931419447,219.89997931419447,0.0,56.0015544351306,196.2515544351306,0.0,0.0
benralizumab,291.17,1,82.73285391883272,208.4371460811673,0.0,53.65378667780911,237.5162133221909,0.0,60.48182047453872,230.6881795254613,0.0,82.03097209029175,209.13902790970826,0.0,50.36006099782168,240.80993900217834,0.0,0.0
crenezumab,151.23,4,73.05431883470084,224.28431883470083,0.0,86.5267775881243,237.7567775881243,0.0,50.41921891148252,201.6492189114825,0.0,68.51290563282237,219.74290563282236,0.0,71.37575596870309,222.60575596870308,0.0,0.0
bemarituzumab,257.51,1,10.995726762741924,268.5057267627419,0.0,4.212235146186686,253.2977648538133,0.0,1.8672110970827873,255.6427889029172,0.0,3.4686670913795297,260.9786670913795,0.0,21.12093830871106,278.63093830871105,0.0,0.0
osocimab,279.15,1,39.57121981642848,239.5787801835715,0.0,59.42984218053269,219.7201578194673,0.0,7.856795234959407,271.29320476504057,0.0,7.2679632027816865,271.8820367972183,0.0,32.197483480162816,246.95251651983716,0.0,0.0
enokizumab,180.76,1,48.367384951898515,229.1273849518985,0.0,91.83362650624287,272.59362650624286,0.0,73.01173878951855,253.77173878951854,0.0,27.84243525638047,208.60243525638046,0.0,31.174234084902736,211.93423408490273,0.0,0.0
belimumab,301.96,4,1.9235390719093175,300.03646092809066,0.0,53.051875473755956,355.01187547375594,0.0,56.26279048258522,358.2227904825852,0.0,2.7844980001202657,299.1755019998797,0.0,33.205970662777645,335.1659706627776,0.0,0.0
obexelimab,190.23,4,2.9884791071935695,187.24152089280642,0.0,58.71581801383829,248.94581801383828,0.0,8.721860779368626,198.95186077936862,0.0,5.717502169837104,195.9475021698371,0.0,6.992842551410973,197.22284255141096,0.0,0.0
nesvacumab,154.15,2,53.23388039777754,207.38388039777755,0.0,48.972579266496496,203.1225792664965,0.0,56.283551883802204,210.4335518838022,0.0,42.55160492133811,196.70160492133812,0.0,58.14346042973298,212.293460429733,0.0,0.0
lucatumumab,240.58,1,7.99412623390262,232.5858737660974,0.0,10.596695705157089,229.98330429484292,0.0,33.792442189789654,206.78755781021036,0.0,0.29663839666255853,240.28336160333745,0.0,18.35327871705445,222.22672128294556,0.0,0.0
necitumumab,248.86,3,35.55702037286548,213.30297962713453,0.0,14.95791925836869,233.90208074163132,0.0,0.09852040203648471,248.76147959796353,0.0,26.34322549937565,222.51677450062436,0.0,52.25186690855986,196.60813309144015,0.0,0.0
lumiliximab,140.25,0,91.03048195440593,231.28048195440593,0.0,88.1698579785141,228.4198579785141,0.0,114.2030166759065,254.4530166759065,0.0,90.89896783856395,231.14896783856395,0.0,78.51101095087111,218.7610109508711,0.0,0.0
lumretuzumab,301.96,4,68.6426982869825,233.31730171301749,0.0,90.00424858049874,211.95575141950124,0.0,66.68401972151452,235.27598027848546,0.0,83.4058155224728,218.55418447752717,0.0,113.60457090405572,188.35542909594426,0.0,0.0
margetuximab,116.1,2,48.4469794514103,164.5469794514103,0.0,70.88199617134794,186.98199617134793,0.0,44.93864983505304,161.03864983505304,0.0,59.02755291550099,175.12755291550098,0.0,102.29658654966468,218.39658654966468,0.0,0.0
matuzumab,291.17,1,43.45812718197391,247.7118728180261,0.0,34.080425864788765,257.08957413521125,0.0,8.819233012594907,282.3507669874051,0.0,47.12325784869296,244.04674215130706,0.0,48.48471222639165,242.68528777360837,0.0,0.0
etaracizumab,213.95,2,22.121240723912933,191.82875927608706,0.0,29.834000726441047,184.11599927355894,0.0,16.97621696366309,196.9737830363369,0.0,43.443900763563136,170.50609923643685,0.0,17.85415812063968,231.80415812063967,0.0,0.0
milatuzumab,162.76,4,19.27163730093659,143.4883626990634,0.0,6.6288555829373195,156.13114441706267,0.0,6.673851111717056,156.08614888828293,0.0,23.78985387905368,138.9701461209463,0.0,38.2919971426583,124.46800285734169,0.0,0.0
erenumab,376.03,3,64.45849455087301,311.57150544912696,0.0,79.40027293556955,296.6297270644304,0.0,81.40056063886635,294.6294393611336,0.0,37.673591022900325,338.35640897709965,0.0,78.02013007304117,298.0098699269588,0.0,0.0
mirvetuximab,100.17,4,41.06329600150691,141.23329600150691,0.0,45.81959639074883,145.98959639074883,0.0,89.99406300680796,190.16406300680796,0.0,25.352600141663643,125.52260014166364,0.0,76.24679643435407,176.41679643435407,0.0,0.0
brazikumab,320.38,4,70.25310327390429,390.6331032739043,0.0,78.9248355182956,399.3048355182956,0.0,111.74862782070363,432.1286278207036,0.0,95.18602372930525,415.56602372930524,0.0,85.53253965451654,405.91253965451654,0.0,0.0
mogamulizumab,100.17,1,93.70488844180092,193.87488844180092,0.0,88.43723208232656,188.60723208232656,0.0,98.68694525765447,198.85694525765447,0.0,118.62776940702791,218.79776940702791,0.0,109.53347153877463,209.70347153877464,0.0,0.0
monalizumab,302.17,0,65.7693267316744,236.40067326832562,0.0,47.7069926347539,254.4630073652461,0.0,54.418910956816205,247.7510890431838,0.0,79.50309099190969,222.66690900809033,0.0,64.14741374953209,238.02258625046792,0.0,0.0
mosunetuzumab,244.68,4,91.6747548188151,153.0052451811849,0.0,16.326527625504042,228.35347237449596,0.0,58.36097156858057,186.31902843141944,0.0,11.328619726937745,233.35138027306226,0.0,40.07923136397724,204.60076863602276,0.0,0.0
bococizumab,167.77,0,84.2998774681304,252.06987746813041,0.0,92.61425274718161,260.3842527471816,0.0,80.52361190671155,248.29361190671156,0.0,88.51946744012852,256.28946744012853,0.0,96.907834008327,264.677834008327,0.0,0.0
concizumab,139.45,4,41.091671888772225,180.5416718887722,0.0,62.551493792048916,202.0014937920489,0.0,32.63786418845194,172.08786418845193,0.0,43.02689934743512,182.4768993474351,0.0,13.31650495663581,152.7665049566358,0.0,0.0
natalizumab,294.08,0,79.87845903543817,214.20154096456181,0.0,70.4119213211726,223.66807867882738,0.0,73.54746170121783,220.53253829878216,0.0,90.35829159841131,203.72170840158867,0.0,71.0127358000847,223.0672641999153,0.0,0.0
daratumumab,228.75,2,14.023171354553426,214.72682864544657,0.0,31.640599082530798,197.1094009174692,0.0,6.849824444774157,235.59982444477416,0.0,28.64720994645171,200.1027900535483,0.0,17.60622418506071,211.1437758149393,0.0,0.0
